industry,client,site,date,utm_source,utm_medium,utm_campaign,utm_content,device_category,visits,pageviews,bounces,session_duration,goal_quotation_kasko,goal_quotation_osago,goal_quotation_kaskoOsago,goal_request_osago,goal_request_kasko,goal_request_kaskoOsago
bankingFinance,Renins,renins.com,20170105,(direct),(none),(not set),(not set),desktop,1049,7098,56,557234.0,5,181,12,0,481,339
bankingFinance,Renins,renins.com,20170105,(direct),(none),(not set),(not set),mobile,708,1407,136,184971.0,38,1,0,363,370,270
bankingFinance,Renins,renins.com,20170105,(direct),(none),(not set),(not set),tablet,114,508,28,39850.0,6,5,2,33,58,45
bankingFinance,Renins,renins.com,20170105,1-clinic.ru,referral,(not set),(not set),desktop,1,1,1,0.0,0,0,0,0,0,0
bankingFinance,Renins,renins.com,20170105,AdvertFocus,cpq,kasko__mskspbekb,Economatics_SUV_Usedcars,tablet,1,2,0,171.0,0,0,0,1,1,1
bankingFinance,Renins,renins.com,20170105,Autoreview_bns,cpc,KaskoOsago__msk,price_cut,desktop,1,3,0,7.0,0,0,0,0,1,1
bankingFinance,Renins,renins.com,20170105,Autoreview_bns,cpc,KaskoOsago__msk,price_cut,tablet,1,2,0,4.0,0,0,0,0,1,0
bankingFinance,Renins,renins.com,20170105,Autoreview_bns,cpc,KaskoOsago__spb,price_cut,tablet,1,1,0,6.0,0,0,0,1,1,1
bankingFinance,Renins,renins.com,20170105,Banki.ru_Property,button,(not set),(not set),mobile,1,0,0,120.0,0,0,0,0,0,0
bankingFinance,Renins,renins.com,20170105,Banki.ru_RKS,button,House,(not set),mobile,1,2,0,544.0,0,0,0,0,0,0
bankingFinance,Renins,renins.com,20170105,Banki.ru_RKS,button,Property,(not set),mobile,1,2,0,35.0,0,0,0,0,0,0
bankingFinance,Renins,renins.com,20170105,Banki.ru_RKS,button,kasko,(not set),desktop,7,63,0,4236.0,0,4,1,0,6,6
bankingFinance,Renins,renins.com,20170105,Banki.ru_RKS,button,kasko,(not set),tablet,1,8,0,541.0,0,1,0,0,1,1
bankingFinance,Renins,renins.com,20170105,E-mail_Base-Accident,(not set),SummerDigest,(not set),desktop,1,27,0,701.0,0,1,0,0,1,1
bankingFinance,Renins,renins.com,20170105,Glavbuh,static,kasko__mskspbekb,offroad,desktop,2,6,0,25.0,0,0,0,0,2,2
bankingFinance,Renins,renins.com,20170105,Glavbuh,static,vzr__mskspbekb,promokod,desktop,1,2,0,3.0,0,0,0,0,0,0
bankingFinance,Renins,renins.com,20170105,InGuru_MSKSPB,banner,AstronomicalKasko-Cars,240x400,mobile,1,1,0,141.0,0,0,0,1,1,1
bankingFinance,Renins,renins.com,20170105,Inguru.ru,cpa,kasko_broker_mskspbekb,NYP,desktop,2,13,0,237.0,0,1,0,0,2,2
bankingFinance,Renins,renins.com,20170105,Inguru.ru,cpa,kasko_broker_mskspbekb,NYP,mobile,1,1,0,5.0,0,0,0,1,1,1
bankingFinance,Renins,renins.com,20170105,Inguru.ru_Address,TGB,NYP,1,desktop,8,39,1,2854.0,0,2,0,0,5,4
bankingFinance,Renins,renins.com,20170105,Inguru.ru_MSKSPB,TGB,KaskoAuto,930x100,desktop,14,36,8,1547.0,3,1,0,8,4,1
bankingFinance,Renins,renins.com,20170105,Inguru.ru_Promopage,button,NC,go-to-calculator,desktop,3,14,0,238.0,0,0,0,0,1,0
bankingFinance,Renins,renins.com,20170105,Inguru.ru_Promopage,button,NYP,go-to-calculator,desktop,11,56,2,4201.0,1,1,1,0,6,5
bankingFinance,Renins,renins.com,20170105,Inguru.ru_Promopage,button,NYP,go-to-calculator,mobile,10,8,0,692.0,4,0,0,8,8,7
bankingFinance,Renins,renins.com,20170105,Inguru.ru_Promopage,button,NYP,go-to-calculator,tablet,1,1,0,214.0,0,0,0,1,1,1
bankingFinance,Renins,renins.com,20170105,Inguru.ru_Promopage,button,Property,go-to-calculator,desktop,1,3,0,62.0,0,0,0,0,0,0
bankingFinance,Renins,renins.com,20170105,Inguru.ru_Promopage,button,Property,go-to-calculator,mobile,1,4,0,432.0,0,0,0,0,0,0
bankingFinance,Renins,renins.com,20170105,Inguru.ru_Promopage,link,GeneralPage,go-to-home,desktop,1,1,1,0.0,0,0,0,0,0,0
bankingFinance,Renins,renins.com,20170105,Inguru.ru_Promopage,link,GeneralPage,go-to-home,mobile,2,3,0,1843.0,0,0,0,2,2,2
bankingFinance,Renins,renins.com,20170105,Inguru.ru_Promopage,logo,GeneralPage,go-to-home,desktop,29,40,2,567.0,0,1,0,0,3,3
bankingFinance,Renins,renins.com,20170105,Inguru.ru_Promopage,logo,GeneralPage,go-to-home,mobile,4,6,0,1416.0,0,0,0,4,4,4
bankingFinance,Renins,renins.com,20170105,Inguru.ru_Promopage,logo,GeneralPage,go-to-home,tablet,1,1,0,925.0,0,0,0,1,1,1
bankingFinance,Renins,renins.com,20170105,Inguru.ru_Rating,TGB,NYP,1,desktop,2,7,0,1017.0,0,0,0,0,2,2
bankingFinance,Renins,renins.com,20170105,Inguru.ru_Rating,TGB,NYP,1,mobile,1,1,0,207.0,1,0,0,1,1,1
bankingFinance,Renins,renins.com,20170105,Inguru.ru_Recall,TGB,NYP,1,mobile,7,7,0,41.0,0,0,0,7,7,7
bankingFinance,Renins,renins.com,20170105,Meduza,cpc,travel_putevoditel_world,ads,mobile,1,2,0,3.0,0,0,0,0,0,0
bankingFinance,Renins,renins.com,20170105,MobailApp,free,TravelApp,(not set),mobile,19,53,3,3639.0,0,0,0,0,0,0
bankingFinance,Renins,renins.com,20170105,Moneymatika.ru,cpa,kasko__ekb,CheapestKasko,desktop,1,6,0,132.0,0,0,0,0,1,0
bankingFinance,Renins,renins.com,20170105,Moneymatika_Insurance,button,NC,(not set),tablet,1,1,0,0.0,0,0,0,0,0,0
bankingFinance,Renins,renins.com,20170105,MyTarget.com,Retargeting,Kasko_social,(not set),desktop,1,3,0,20.0,0,0,0,0,1,1
bankingFinance,Renins,renins.com,20170105,Prostrahovanie,cpa,kasko__msk,Ekonomatika,tablet,1,1,1,0.0,0,0,0,0,0,0
bankingFinance,Renins,renins.com,20170105,RI_mail,cpc,falldigest_letter_rf,auto_act,desktop,1,14,0,297.0,1,0,0,0,1,1
bankingFinance,Renins,renins.com,20170105,RI_mail,cpc,november_trip_letter_rf,travel_deact,mobile,2,4,0,85.0,0,0,0,0,0,0
bankingFinance,Renins,renins.com,20170105,RI_mail,rassylka,NY2017_letter_rf,avto_act,desktop,3,4,2,224.0,0,0,0,0,0,0
bankingFinance,Renins,renins.com,20170105,RI_mail,rassylka,NY2017_letter_rf,avto_act,mobile,1,4,0,31.0,0,0,0,1,1,1
bankingFinance,Renins,renins.com,20170105,RI_mail,rassylka,NY2017_letter_rf,avto_deact,desktop,1,1,0,0.0,0,0,0,0,0,0
bankingFinance,Renins,renins.com,20170105,RI_mail,rassylka,NY2017_letter_rf,travel_act,mobile,1,7,0,461.0,0,0,0,0,0,0
bankingFinance,Renins,renins.com,20170105,RI_mail,rassylka,NY2017_letter_rf,travel_act,tablet,1,5,0,114.0,0,0,0,0,0,0
bankingFinance,Renins,renins.com,20170105,RI_mail,rassylka,NY2017_letter_rf,travel_deact,desktop,41,102,0,4530.0,0,0,0,0,0,0
bankingFinance,Renins,renins.com,20170105,RI_mail,rassylka,NY2017_letter_rf,travel_deact,mobile,1,2,0,600.0,0,0,0,0,0,0
bankingFinance,Renins,renins.com,20170105,Renins.ru,cpc,kasko_bu_msk_spb,promopage,desktop,17,25,0,253.0,1,0,0,0,2,17
bankingFinance,Renins,renins.com,20170105,Renins.ru,cpc,kasko_economatika_calc_msk_spb,promopage,desktop,3,11,1,782.0,0,1,0,0,2,2
bankingFinance,Renins,renins.com,20170105,Renins.ru,cpc,kasko_economatika_calc_msk_spb,promopage,mobile,2,5,0,1085.0,0,0,0,2,2,1
bankingFinance,Renins,renins.com,20170105,Renins.ru,cpc,kasko_economatika_calc_msk_spb,promopage,tablet,6,32,0,1859.0,2,0,3,1,2,3
bankingFinance,Renins,renins.com,20170105,Renins.ru,cpc,kasko_vnedorojniki_msk_spb,promopage,desktop,2,9,0,234.0,1,0,0,0,2,2
bankingFinance,Renins,renins.com,20170105,Renins.ru,cpc,logo_header_msk_spb,logo,desktop,6,37,0,835.0,0,2,0,0,4,4
bankingFinance,Renins,renins.com,20170105,Renins.ru,cpc,logo_header_msk_spb,logo,mobile,2,2,2,0.0,0,0,0,0,0,0
bankingFinance,Renins,renins.com,20170105,Renins.ru,cpc,logo_header_msk_spb,logo,tablet,1,4,0,1725.0,0,0,0,0,0,0
bankingFinance,Renins,renins.com,20170105,Renins.ru,cpc,travel_footer_msk_spb,icon,desktop,1,27,0,4753.0,0,0,0,0,0,0
bankingFinance,Renins,renins.com,20170105,Renins.ru,cpc,travel_footer_msk_spb,icon,mobile,6,15,0,67.0,0,0,0,0,0,0
bankingFinance,Renins,renins.com,20170105,Renins.ru,cpc,travel_footer_msk_spb,icon,tablet,1,2,0,22.0,0,0,0,0,0,0
bankingFinance,Renins,renins.com,20170105,Renins.ru_Promopage,link,GeneralPage,go-to-home,mobile,1,1,0,116.0,1,0,0,1,1,1
bankingFinance,Renins,renins.com,20170105,Renins.ru_Promopage,logo,GeneralPage,go-to-home,desktop,1,2,0,281.0,0,0,0,0,0,0
bankingFinance,Renins,renins.com,20170105,Revizorro.ru_OSAGO,banner,OSAGO,984х124,desktop,12,67,2,2328.0,0,2,1,0,9,9
bankingFinance,Renins,renins.com,20170105,Revizorro.ru_OSAGO,banner,OSAGO,984х124,mobile,15,23,0,4093.0,0,0,0,14,14,11
bankingFinance,Renins,renins.com,20170105,Revizorro.ru_OSAGO,banner,OSAGO,984х124,tablet,7,31,0,2547.0,0,1,0,5,7,7
bankingFinance,Renins,renins.com,20170105,Revizorro.ru_OSAGOCalc,Set,OSAGO,1,desktop,1,8,0,249.0,0,1,0,0,1,1
bankingFinance,Renins,renins.com,20170105,Revizorro.ru_all,TGB,NYP-White,1000x312,desktop,17,90,0,2113.0,2,1,2,0,14,17
bankingFinance,Renins,renins.com,20170105,Revizorro.ru_all,TGB,NYP-White,1000x312,mobile,8,10,0,464.0,1,0,0,8,8,6
bankingFinance,Renins,renins.com,20170105,Revizorro.ru_all,TGB,NYP-White,1000x312,tablet,2,17,0,772.0,1,0,1,1,2,2
bankingFinance,Renins,renins.com,20170105,Revizorro.ru_all,TGB,NYP-White,692x152,desktop,20,70,0,2440.0,1,1,12,0,9,10
bankingFinance,Renins,renins.com,20170105,Revizorro.ru_all,TGB,NYP-White,692x152,mobile,5,7,0,650.0,1,0,0,5,5,5
bankingFinance,Renins,renins.com,20170105,Revizorro.ru_all,TGB,NYP-White,692x152,tablet,1,2,0,391.0,1,0,0,1,1,1
bankingFinance,Renins,renins.com,20170105,Rusfootball.info_bns,cpc,KaskoOsago__mskspbekb,probeg,tablet,4,4,0,0.0,0,0,0,4,4,4
bankingFinance,Renins,renins.com,20170105,Sravni.ru_KaskoCalc,Set,Hijacking,5,desktop,1,10,0,125.0,1,0,0,0,1,0
bankingFinance,Renins,renins.com,20170105,Sravni.ru_KaskoCalc,Set,Konstrkutor,1,desktop,7,41,0,494.0,2,0,0,0,3,2
bankingFinance,Renins,renins.com,20170105,Sravni.ru_KaskoCalc,Set,Konstrkutor,1,mobile,1,1,0,9.0,0,0,0,1,1,0
bankingFinance,Renins,renins.com,20170105,Sravni.ru_KaskoCalc,Set,Konstrkutor,2,desktop,1,8,0,304.0,1,0,0,0,1,1
bankingFinance,Renins,renins.com,20170105,Sravni.ru_OSAGOCalc,Set,OSAGO,1,mobile,2,2,0,7.0,0,0,0,2,2,2
bankingFinance,Renins,renins.com,20170105,Sravnikupi.ru_OSAGO,banner,OSAGO,540x125,desktop,11,48,0,1772.0,0,1,0,0,11,10
bankingFinance,Renins,renins.com,20170105,Sravnikupi.ru_OSAGO,banner,OSAGO,540x125,mobile,1,1,0,0.0,0,0,0,1,1,0
bankingFinance,Renins,renins.com,20170105,Sravnikupi.ru_OSAGO,banner,OSAGO,540x125,tablet,1,1,0,9.0,0,0,0,1,1,1
bankingFinance,Renins,renins.com,20170105,Sravnikupi.ru_all,banner,NYP-Dark,540х125,desktop,15,96,0,4685.0,0,6,0,0,11,9
bankingFinance,Renins,renins.com,20170105,Sravnikupi.ru_all,banner,NYP-Dark,540х125,tablet,2,3,0,444.0,0,0,0,2,2,2
bankingFinance,Renins,renins.com,20170105,VC,cpc,economatika_post_rf,propose,desktop,1,1,1,0.0,0,0,0,0,0,0
bankingFinance,Renins,renins.com,20170105,Vk.com,Video_retargeting,Kasko_social,(not set),mobile,1,1,0,12.0,0,0,0,1,1,0
bankingFinance,Renins,renins.com,20170105,adguard.com,referral,(not set),(not set),desktop,2,15,1,450.0,0,1,0,0,1,1
bankingFinance,Renins,renins.com,20170105,admitad,cpa,kasko_network_msk_spb_ekb,102598,desktop,1,3,0,24.0,0,0,0,0,1,1
bankingFinance,Renins,renins.com,20170105,admitad,cpa,kasko_network_msk_spb_ekb,139036,desktop,1,3,0,61.0,0,0,0,0,1,1
bankingFinance,Renins,renins.com,20170105,admitad,cpa,kasko_network_msk_spb_ekb,187880,tablet,1,1,0,0.0,0,0,0,1,1,0
bankingFinance,Renins,renins.com,20170105,admitad,cpa,kasko_network_msk_spb_ekb,205380,desktop,68,375,4,18491.0,0,13,0,0,38,36
bankingFinance,Renins,renins.com,20170105,admitad,cpa,kasko_network_msk_spb_ekb,205759,desktop,4,27,0,1750.0,0,1,0,0,3,3
bankingFinance,Renins,renins.com,20170105,admitad,cpa,kasko_network_msk_spb_ekb,482376,desktop,2,6,0,36.0,0,0,0,0,2,2
bankingFinance,Renins,renins.com,20170105,admitad,cpa,kasko_network_msk_spb_ekb,79700,mobile,2,2,0,36.0,0,0,0,2,2,2
bankingFinance,Renins,renins.com,20170105,affiliatecatalog.ru,referral,(not set),(not set),tablet,1,3,0,135.0,0,0,0,0,0,0
bankingFinance,Renins,renins.com,20170105,aleksandrov.spravker.ru,referral,(not set),(not set),desktop,1,5,0,45.0,0,0,0,0,1,1
bankingFinance,Renins,renins.com,20170105,amadeus.ru,referral,(not set),(not set),desktop,1,11,0,1446.0,0,0,0,0,0,0
bankingFinance,Renins,renins.com,20170105,asktel.ru,referral,(not set),(not set),desktop,2,21,0,907.0,0,1,0,0,2,2
bankingFinance,Renins,renins.com,20170105,asn-news.ru,referral,(not set),(not set),desktop,1,3,0,33.0,0,0,0,0,1,0
bankingFinance,Renins,renins.com,20170105,autoins.ru,referral,(not set),(not set),desktop,236,2242,8,156801.0,0,90,1,0,149,111
bankingFinance,Renins,renins.com,20170105,autoins.ru,referral,(not set),(not set),mobile,21,29,15,2311.0,0,0,0,0,0,0
bankingFinance,Renins,renins.com,20170105,autoins.ru,referral,(not set),(not set),tablet,2,11,1,208.0,0,0,0,0,1,0
bankingFinance,Renins,renins.com,20170105,banki.ru,referral,(not set),(not set),desktop,2,47,0,2781.0,0,2,0,0,2,2
bankingFinance,Renins,renins.com,20170105,bing,organic,(not set),(not set),desktop,7,22,3,394.0,0,0,0,0,1,1
bankingFinance,Renins,renins.com,20170105,bing,organic,(not set),(not set),mobile,1,2,0,521.0,1,0,0,1,1,1
bankingFinance,Renins,renins.com,20170105,chelyabinsk.insgid.ru,referral,(not set),(not set),desktop,1,3,0,86.0,0,0,0,0,0,0
bankingFinance,Renins,renins.com,20170105,drive2.ru,referral,(not set),(not set),desktop,57,440,2,28431.0,0,18,0,0,35,31
bankingFinance,Renins,renins.com,20170105,drive2.ru,referral,(not set),(not set),mobile,2,2,0,4.0,0,0,0,2,2,1
bankingFinance,Renins,renins.com,20170105,drive2.ru,referral,(not set),(not set),tablet,1,9,0,1277.0,0,1,0,0,1,1
bankingFinance,Renins,renins.com,20170105,duckduckgo.com,referral,(not set),(not set),desktop,1,4,0,117.0,0,0,0,0,1,1
bankingFinance,Renins,renins.com,20170105,e.mail.ru,referral,(not set),(not set),desktop,1,11,0,596.0,0,0,0,0,0,0
bankingFinance,Renins,renins.com,20170105,fmc74.ru,referral,(not set),(not set),desktop,1,3,0,481.0,0,0,0,0,0,0
bankingFinance,Renins,renins.com,20170105,forum.osagoonline.info,referral,(not set),(not set),desktop,1,1,1,0.0,0,0,0,0,0,0
bankingFinance,Renins,renins.com,20170105,forum.zarulem.ws,referral,(not set),(not set),desktop,1,1,1,0.0,0,0,0,0,0,0
bankingFinance,Renins,renins.com,20170105,gdepolis.ru,referral,(not set),(not set),desktop,22,184,1,13386.0,0,7,0,0,14,11
bankingFinance,Renins,renins.com,20170105,go.mail.ru,organic,(not set),(not set),desktop,64,381,17,17594.0,2,13,1,0,25,22
bankingFinance,Renins,renins.com,20170105,go.mail.ru,organic,(not set),(not set),mobile,2,4,0,771.0,0,0,0,0,0,0
bankingFinance,Renins,renins.com,20170105,go.mail.ru,organic,(not set),(not set),tablet,2,11,0,195.0,1,0,0,0,2,2
bankingFinance,Renins,renins.com,20170105,google,cpc,0.1 ВЗР.Бренд.ВЧ-1.Поиск,Ренессанс страхование ВЗР,desktop,1,6,0,44.0,0,0,0,0,1,0
bankingFinance,Renins,renins.com,20170105,google,cpc,0.1 ВЗР.Бренд.ВЧ-1.Поиск,Ренессанс страхование ВЗР,mobile,1,1,0,0.0,0,0,0,1,1,0
bankingFinance,Renins,renins.com,20170105,google,cpc,0.2 ВЗР.Бренд.ВЧ-2.Поиск,Ренессанс страхование ВЗР,desktop,45,187,0,16172.0,0,4,0,0,8,7
bankingFinance,Renins,renins.com,20170105,google,cpc,0.2 ВЗР.Бренд.ВЧ-2.Поиск,Ренессанс страхование ВЗР,mobile,7,24,0,3129.0,0,0,0,0,0,0
bankingFinance,Renins,renins.com,20170105,google,cpc,0.2 ВЗР.Бренд.ВЧ-2.Поиск,Ренессанс страхование ВЗР,tablet,1,11,0,213.0,0,0,0,0,1,0
bankingFinance,Renins,renins.com,20170105,google,cpc,1.2 ВЗР.Общие.Поиск.МСК+СПб,Медицинская страховка ВЗР,mobile,2,24,0,1703.0,0,0,0,0,0,0
bankingFinance,Renins,renins.com,20170105,google,cpc,1.2 ВЗР.Общие.Поиск.МСК+СПб,Онлайн страхование ВЗР,mobile,2,4,0,1751.0,0,0,0,0,0,0
bankingFinance,Renins,renins.com,20170105,google,cpc,1.2 ВЗР.Общие.Поиск.МСК+СПб,Онлайн страхование в поездку,desktop,1,2,0,7.0,0,0,0,0,0,0
bankingFinance,Renins,renins.com,20170105,google,cpc,1.2 ВЗР.Общие.Поиск.МСК+СПб,Онлайн страхование для визы,desktop,1,4,0,26.0,0,0,0,0,0,0
bankingFinance,Renins,renins.com,20170105,google,cpc,1.2 ВЗР.Общие.Поиск.МСК+СПб,Онлайн страхование для шенгена,tablet,1,2,0,2.0,0,0,0,0,0,0
bankingFinance,Renins,renins.com,20170105,google,cpc,1.2 ВЗР.Общие.Поиск.МСК+СПб,Онлайн страхование туристов,desktop,2,11,0,20639.0,0,0,0,0,0,0
bankingFinance,Renins,renins.com,20170105,google,cpc,1.2 ВЗР.Общие.Поиск.МСК+СПб,Онлайн страхование туристов,mobile,1,3,0,60.0,0,0,0,0,0,0
bankingFinance,Renins,renins.com,20170105,google,cpc,1.2 ВЗР.Общие.Поиск.МСК+СПб,Оформите страховку в поездку,mobile,1,2,0,60.0,0,0,0,0,0,0
bankingFinance,Renins,renins.com,20170105,google,cpc,1.2 ВЗР.Общие.Поиск.МСК+СПб,Оформите страховку для визы,desktop,9,40,0,13273.0,0,0,0,0,0,0
bankingFinance,Renins,renins.com,20170105,google,cpc,1.2 ВЗР.Общие.Поиск.МСК+СПб,Оформите страховку для визы,mobile,3,11,0,300.0,0,0,0,0,0,0
bankingFinance,Renins,renins.com,20170105,google,cpc,1.2 ВЗР.Общие.Поиск.МСК+СПб,Оформите страховку для визы,tablet,2,8,0,90.0,0,0,0,0,0,0
bankingFinance,Renins,renins.com,20170105,google,cpc,1.2 ВЗР.Общие.Поиск.МСК+СПб,Оформите страховку для туриста,desktop,1,7,0,385.0,0,0,0,0,0,0
bankingFinance,Renins,renins.com,20170105,google,cpc,1.2 ВЗР.Общие.Поиск.МСК+СПб,Оформите страховку для туриста,mobile,2,4,0,149.0,0,0,0,0,0,0
bankingFinance,Renins,renins.com,20170105,google,cpc,1.2 ВЗР.Общие.Поиск.МСК+СПб,Оформите страховку за рубеж,desktop,1,2,0,2.0,0,0,0,0,0,0
bankingFinance,Renins,renins.com,20170105,google,cpc,1.2 ВЗР.Общие.Поиск.МСК+СПб,Страхование в путешествие,desktop,1,4,0,429.0,0,0,0,0,0,0
bankingFinance,Renins,renins.com,20170105,google,cpc,1.2 ВЗР.Общие.Поиск.МСК+СПб,Страхование выезда за границу,desktop,1,3,0,126.0,0,0,0,0,0,0
bankingFinance,Renins,renins.com,20170105,google,cpc,1.2 ВЗР.Общие.Поиск.МСК+СПб,Страхование выезда за рубеж,mobile,2,10,0,668.0,0,0,0,0,0,0
bankingFinance,Renins,renins.com,20170105,google,cpc,1.2 ВЗР.Общие.Поиск.МСК+СПб,Страхование для выезжающих,desktop,2,2,0,4056.0,0,0,0,0,0,0
bankingFinance,Renins,renins.com,20170105,google,cpc,1.2 ВЗР.Общие.Поиск.МСК+СПб,Страхование для выезжающих,mobile,1,4,0,75.0,0,0,0,0,0,0
bankingFinance,Renins,renins.com,20170105,google,cpc,1.2 ВЗР.Общие.Поиск.МСК+СПб,Страховка в путешествие онлайн,desktop,1,2,0,481.0,0,0,0,0,0,0
bankingFinance,Renins,renins.com,20170105,google,cpc,1.2 ВЗР.Общие.Поиск.МСК+СПб,Страховка для выезда онлайн,desktop,2,3,0,76.0,0,0,0,0,0,0
bankingFinance,Renins,renins.com,20170105,google,cpc,1.2 ВЗР.Общие.Поиск.МСК+СПб,Страховка для выезда онлайн,tablet,1,2,0,30.0,0,0,0,0,0,0
bankingFinance,Renins,renins.com,20170105,google,cpc,1.2 ВЗР.Общие.Поиск.МСК+СПб,Страховка для выезжающих,desktop,4,9,0,364.0,0,0,0,0,0,0
bankingFinance,Renins,renins.com,20170105,google,cpc,1.2 ВЗР.Общие.Поиск.МСК+СПб,Страховка для шенгена онлайн,desktop,12,49,0,10663.0,0,0,0,0,0,0
bankingFinance,Renins,renins.com,20170105,google,cpc,1.2 ВЗР.Общие.Поиск.МСК+СПб,Страховка для шенгена онлайн,mobile,2,13,0,995.0,0,0,0,0,0,0
bankingFinance,Renins,renins.com,20170105,google,cpc,1.2 ВЗР.Общие.Поиск.МСК+СПб,Страховка для шенгена онлайн,tablet,1,2,0,5.0,0,0,0,0,0,0
bankingFinance,Renins,renins.com,20170105,google,cpc,1.2 ВЗР.Общие.Поиск.МСК+СПб,Страховой полис ВЗР онлайн,mobile,1,5,0,88.0,0,0,0,0,0,0
bankingFinance,Renins,renins.com,20170105,google,cpc,1.2 ВЗР.Общие.Поиск.МСК+СПб,Страховой полис для выезжающих,mobile,3,5,1,58.0,0,0,0,0,0,0
bankingFinance,Renins,renins.com,20170105,google,cpc,1.2 ВЗР.Общие.Поиск.МСК+СПб,Туристическая страховка онлайн,desktop,7,8,0,76.0,0,0,0,0,0,0
bankingFinance,Renins,renins.com,20170105,google,cpc,1.2 ВЗР.Общие.Поиск.МСК+СПб,Туристическая страховка онлайн,mobile,1,2,0,59.0,0,0,0,0,0,0
bankingFinance,Renins,renins.com,20170105,google,cpc,1.2 ВЗР.Общие.Поиск.Регионы,Медицинская страховка ВЗР,desktop,1,2,0,3.0,0,0,0,0,0,0
bankingFinance,Renins,renins.com,20170105,google,cpc,1.2 ВЗР.Общие.Поиск.Регионы,Онлайн страхование ВЗР,desktop,1,2,0,2.0,0,0,0,0,0,0
bankingFinance,Renins,renins.com,20170105,google,cpc,1.2 ВЗР.Общие.Поиск.Регионы,Онлайн страхование ВЗР,mobile,1,2,0,4.0,0,0,0,0,0,0
bankingFinance,Renins,renins.com,20170105,google,cpc,1.2 ВЗР.Общие.Поиск.Регионы,Онлайн страхование туристов,desktop,3,4,0,390.0,0,0,0,0,0,0
bankingFinance,Renins,renins.com,20170105,google,cpc,1.2 ВЗР.Общие.Поиск.Регионы,Онлайн страхование туристов,mobile,1,3,0,150.0,0,0,0,0,0,0
bankingFinance,Renins,renins.com,20170105,google,cpc,1.2 ВЗР.Общие.Поиск.Регионы,Оформите страховку для визы,desktop,3,13,0,202.0,0,1,0,0,1,1
bankingFinance,Renins,renins.com,20170105,google,cpc,1.2 ВЗР.Общие.Поиск.Регионы,Оформите страховку для визы,mobile,4,10,0,433.0,0,0,0,0,0,0
bankingFinance,Renins,renins.com,20170105,google,cpc,1.2 ВЗР.Общие.Поиск.Регионы,Оформите страховку для визы,tablet,1,2,0,227.0,0,0,0,0,0,0
bankingFinance,Renins,renins.com,20170105,google,cpc,1.2 ВЗР.Общие.Поиск.Регионы,Оформите страховку для туриста,desktop,1,4,0,1626.0,0,0,0,0,0,0
bankingFinance,Renins,renins.com,20170105,google,cpc,1.2 ВЗР.Общие.Поиск.Регионы,Оформите страховку для туриста,mobile,1,3,0,60.0,0,0,0,0,0,0
bankingFinance,Renins,renins.com,20170105,google,cpc,1.2 ВЗР.Общие.Поиск.Регионы,Оформите страховку за границу,desktop,2,5,0,6330.0,0,0,0,0,0,0
bankingFinance,Renins,renins.com,20170105,google,cpc,1.2 ВЗР.Общие.Поиск.Регионы,Оформите страховку за границу,mobile,1,2,0,81.0,0,0,0,0,0,0
bankingFinance,Renins,renins.com,20170105,google,cpc,1.2 ВЗР.Общие.Поиск.Регионы,Оформите страховку за границу,tablet,2,4,1,269.0,0,0,0,0,0,0
bankingFinance,Renins,renins.com,20170105,google,cpc,1.2 ВЗР.Общие.Поиск.Регионы,Страхование в путешествие,desktop,2,5,0,102.0,0,0,0,0,0,0
bankingFinance,Renins,renins.com,20170105,google,cpc,1.2 ВЗР.Общие.Поиск.Регионы,Страхование в путешествие,mobile,3,11,0,1500.0,0,0,0,0,0,0
bankingFinance,Renins,renins.com,20170105,google,cpc,1.2 ВЗР.Общие.Поиск.Регионы,Страхование выезда за рубеж,desktop,1,3,0,120.0,0,0,0,0,0,0
bankingFinance,Renins,renins.com,20170105,google,cpc,1.2 ВЗР.Общие.Поиск.Регионы,Страхование для выезжающих,desktop,1,3,0,960.0,0,0,0,0,0,0
bankingFinance,Renins,renins.com,20170105,google,cpc,1.2 ВЗР.Общие.Поиск.Регионы,Страхование для выезжающих,mobile,1,6,0,2107.0,0,0,0,0,0,0
bankingFinance,Renins,renins.com,20170105,google,cpc,1.2 ВЗР.Общие.Поиск.Регионы,Страхование путешественников,desktop,1,3,0,118.0,0,0,0,0,0,0
bankingFinance,Renins,renins.com,20170105,google,cpc,1.2 ВЗР.Общие.Поиск.Регионы,Страхование путешественников,tablet,1,3,0,306.0,0,0,0,0,0,0
bankingFinance,Renins,renins.com,20170105,google,cpc,1.2 ВЗР.Общие.Поиск.Регионы,Страховка в путешествие онлайн,desktop,1,5,0,540.0,0,0,0,0,0,0
bankingFinance,Renins,renins.com,20170105,google,cpc,1.2 ВЗР.Общие.Поиск.Регионы,Страховка в путешествие онлайн,mobile,1,4,0,198.0,0,0,0,0,0,0
bankingFinance,Renins,renins.com,20170105,google,cpc,1.2 ВЗР.Общие.Поиск.Регионы,Страховка для выезжающих,desktop,1,2,0,3419.0,0,0,0,0,0,0
bankingFinance,Renins,renins.com,20170105,google,cpc,1.2 ВЗР.Общие.Поиск.Регионы,Туристическая страховка онлайн,desktop,1,2,0,2.0,0,0,0,0,0,0
bankingFinance,Renins,renins.com,20170105,google,cpc,1.2 ВЗР.Общие.Поиск.Регионы,Туристическая страховка онлайн,mobile,1,7,0,355.0,0,0,0,0,0,0
bankingFinance,Renins,renins.com,20170105,google,cpc,1.2 ВЗР.Общие.Поиск.Регионы,Туристический полис ВЗР,tablet,1,5,0,302.0,0,0,0,0,0,0
bankingFinance,Renins,renins.com,20170105,google,cpc,1.3 ВЗР.Страны.Поиск.МСК+СПб,Страхование ВЗР в Египет,desktop,1,3,0,55.0,0,0,0,0,0,0
bankingFinance,Renins,renins.com,20170105,google,cpc,1.3 ВЗР.Страны.Поиск.МСК+СПб,Страхование ВЗР в Ингию,mobile,1,7,0,561.0,0,0,0,0,0,0
bankingFinance,Renins,renins.com,20170105,google,cpc,1.3 ВЗР.Страны.Поиск.МСК+СПб,Страхование ВЗР в Тайланд,desktop,1,2,0,2.0,0,0,0,0,0,0
bankingFinance,Renins,renins.com,20170105,google,cpc,1.3 ВЗР.Страны.Поиск.МСК+СПб,Страхование ВЗР в Тайланд,mobile,3,14,0,1770.0,0,0,0,0,0,0
bankingFinance,Renins,renins.com,20170105,google,cpc,1.3 ВЗР.Страны.Поиск.МСК+СПб,Страхование ВЗР в Финляндию,desktop,1,1,0,0.0,0,0,0,0,0,0
bankingFinance,Renins,renins.com,20170105,google,cpc,1.3 ВЗР.Страны.Поиск.МСК+СПб,Страхование ВЗР в Финляндию,mobile,4,9,0,243.0,0,0,0,0,0,0
bankingFinance,Renins,renins.com,20170105,google,cpc,1.3 ВЗР.Страны.Поиск.МСК+СПб,Страхование ВЗР в Финляндию,tablet,1,1,1,0.0,0,0,0,0,0,0
bankingFinance,Renins,renins.com,20170105,google,cpc,1.3 ВЗР.Страны.Поиск.МСК+СПб,Страхование ВЗР в Эстонию,desktop,1,2,0,214.0,0,0,0,0,0,0
bankingFinance,Renins,renins.com,20170105,google,cpc,1.3 ВЗР.Страны.Поиск.МСК+СПб,Страхование ВЗР в Эстонию,mobile,2,5,0,181.0,0,0,0,0,0,0
bankingFinance,Renins,renins.com,20170105,google,cpc,1.3 ВЗР.Страны.Поиск.Регионы,Страхование ВЗР в Ингию,desktop,2,4,0,2517.0,0,0,0,0,0,0
bankingFinance,Renins,renins.com,20170105,google,cpc,1.3 ВЗР.Страны.Поиск.Регионы,Страхование ВЗР в Испанию,desktop,1,5,0,390.0,0,0,0,0,0,0
bankingFinance,Renins,renins.com,20170105,google,cpc,1.3 ВЗР.Страны.Поиск.Регионы,Страхование ВЗР в Тайланд,desktop,1,4,0,241.0,0,0,0,0,0,0
bankingFinance,Renins,renins.com,20170105,google,cpc,1.3 ВЗР.Страны.Поиск.Регионы,Страхование ВЗР в Тайланд,mobile,2,8,0,1460.0,0,0,0,0,0,0
bankingFinance,Renins,renins.com,20170105,google,cpc,1.4 ВЗР.Конкуренты.Поиск,Ренессанс страхование ВЗР,desktop,2,8,0,12209.0,0,0,0,0,0,0
bankingFinance,Renins,renins.com,20170105,google,cpc,1.4 ВЗР.Конкуренты.Поиск,Ренессанс страхование ВЗР,mobile,2,10,0,451.0,0,0,0,0,0,0
bankingFinance,Renins,renins.com,20170105,google,cpc,Brand_Search,КАСКО от Ренессанс страхование,desktop,5,42,1,1200.0,0,1,1,0,2,2
bankingFinance,Renins,renins.com,20170105,google,cpc,Brand_Search,КАСКО от Ренессанс страхование,mobile,10,12,5,130.0,0,0,0,4,4,3
bankingFinance,Renins,renins.com,20170105,google,cpc,Brand_Search,ОСАГО от Ренессанс страхование,desktop,6,38,2,3528.0,0,0,0,0,1,1
bankingFinance,Renins,renins.com,20170105,google,cpc,Brand_Search,ОСАГО от Ренессанс страхование,mobile,17,21,3,3234.0,0,0,0,13,13,10
bankingFinance,Renins,renins.com,20170105,google,cpc,Brand_Search,ОСАГО от Ренессанс страхование,tablet,4,12,1,3359.0,0,0,0,0,0,0
bankingFinance,Renins,renins.com,20170105,google,cpc,Brand_Search,Ренеессанс страхование онлайн,desktop,10,83,2,3408.0,0,2,1,0,3,2
bankingFinance,Renins,renins.com,20170105,google,cpc,Brand_Search,Ренеессанс страхование онлайн,mobile,2,8,1,695.0,0,0,0,0,0,0
bankingFinance,Renins,renins.com,20170105,google,cpc,Brand_Search,Ренеессанс страхование онлайн,tablet,2,2,2,0.0,0,0,0,0,0,0
bankingFinance,Renins,renins.com,20170105,google,cpc,Brand_Search,Ренессанс страхование,desktop,166,679,19,40295.0,3,14,3,0,28,26
bankingFinance,Renins,renins.com,20170105,google,cpc,Brand_Search,Ренессанс страхование,mobile,76,116,38,10526.0,1,0,0,14,14,12
bankingFinance,Renins,renins.com,20170105,google,cpc,Brand_Search,Ренессанс страхование,tablet,13,45,5,3268.0,0,0,1,0,1,1
bankingFinance,Renins,renins.com,20170105,google,cpc,Brand_Search,Ренессанс страхование онлайн,desktop,28,212,3,7639.0,0,3,2,0,6,6
bankingFinance,Renins,renins.com,20170105,google,cpc,Brand_Search,Ренессанс страхование онлайн,mobile,27,78,12,4681.0,0,0,0,4,4,3
bankingFinance,Renins,renins.com,20170105,google,cpc,Brand_Search,Ренессанс страхование онлайн,tablet,9,71,4,5991.0,2,1,1,1,4,4
bankingFinance,Renins,renins.com,20170105,google,cpc,Brand_Search_mobile,Ренеессанс страхование онлайн,mobile,2,12,0,532.0,0,0,0,0,0,0
bankingFinance,Renins,renins.com,20170105,google,cpc,Competitors_Search_MSK,Выбираете страховую компанию?,tablet,1,3,0,5.0,0,0,0,0,1,1
bankingFinance,Renins,renins.com,20170105,google,cpc,Competitors_Search_MSK,КАСКО в Ренессанс страхование,desktop,9,13,0,4897.0,0,0,0,0,0,9
bankingFinance,Renins,renins.com,20170105,google,cpc,Competitors_Search_MSK,КАСКО в Ренессанс страхование,tablet,1,1,0,156.0,1,0,0,1,1,1
bankingFinance,Renins,renins.com,20170105,google,cpc,Competitors_Search_MSK,ОСАГО от Ренессанс страхование,desktop,16,65,2,7203.0,0,3,0,0,9,7
bankingFinance,Renins,renins.com,20170105,google,cpc,Competitors_Search_MSK,ОСАГО от Ренессанс страхование,tablet,4,8,0,625.0,0,0,0,2,4,3
bankingFinance,Renins,renins.com,20170105,google,cpc,Competitors_Search_MSK,Рассчитать КАСКО онлайн,tablet,2,2,0,193.0,1,0,0,2,2,2
bankingFinance,Renins,renins.com,20170105,google,cpc,Competitors_Search_MSK,Ренессанс страхование онлайн,tablet,1,1,0,5.0,0,0,0,1,1,1
bankingFinance,Renins,renins.com,20170105,google,cpc,Competitors_Search_SPB,Выбираете страховую компанию?,desktop,7,34,0,1633.0,0,0,0,0,5,4
bankingFinance,Renins,renins.com,20170105,google,cpc,Competitors_Search_SPB,Калькулятор КАСКО онлайн,desktop,1,2,0,0.0,0,0,0,0,1,0
bankingFinance,Renins,renins.com,20170105,google,cpc,Competitors_Search_SPB,ОСАГО от Ренессанс страхование,desktop,2,6,0,22.0,0,0,0,0,2,2
bankingFinance,Renins,renins.com,20170105,google,cpc,KASKO | Remarketing | Allgeo,Probeg 970x250.zip,desktop,1,14,0,1553.0,0,0,1,0,1,1
bankingFinance,Renins,renins.com,20170105,google,cpc,KASKO | Remarketing | Allgeo,Ренессанс страхование,desktop,2,6,0,43.0,1,0,0,0,1,2
bankingFinance,Renins,renins.com,20170105,google,cpc,KASKO_search_EKB_NEW,КАСКО на 1 год,mobile,1,4,0,407.0,1,0,0,1,1,1
bankingFinance,Renins,renins.com,20170105,google,cpc,KASKO_search_EKB_NEW,КАСКО на Хендай Солярис онлайн,mobile,3,3,0,248.0,2,0,0,2,2,2
bankingFinance,Renins,renins.com,20170105,google,cpc,KASKO_search_EKB_NEW,Калькулятор КАСКО,mobile,1,1,0,609.0,0,0,0,1,1,1
bankingFinance,Renins,renins.com,20170105,google,cpc,KASKO_search_EKB_NEW,Калькулятор страхования авто,desktop,1,1,1,0.0,0,0,0,0,0,0
bankingFinance,Renins,renins.com,20170105,google,cpc,KASKO_search_EKB_NEW,Рассчитать стоимость КАСКО,mobile,4,10,0,1497.0,1,0,0,4,4,4
bankingFinance,Renins,renins.com,20170105,google,cpc,KASKO_search_EKB_NEW,Страховая компания КАСКО,mobile,1,1,0,7.0,0,0,0,1,1,1
bankingFinance,Renins,renins.com,20170105,google,cpc,KASKO_search_EKB_NEW,Страховой калькулятор.,desktop,1,3,0,20.0,0,0,0,0,1,1
bankingFinance,Renins,renins.com,20170105,google,cpc,KASKO_search_EKB_NEW,Узнать стоимость КАСКО?,desktop,1,6,0,25.0,0,0,0,0,1,1
bankingFinance,Renins,renins.com,20170105,google,cpc,Kasko_search_msk_NEW,Renins: страховка КАСКО онлайн,desktop,1,2,0,1.0,0,0,0,0,1,0
bankingFinance,Renins,renins.com,20170105,google,cpc,Kasko_search_msk_NEW,Автострахование по КАСКО,desktop,1,6,0,165.0,1,0,0,0,1,1
bankingFinance,Renins,renins.com,20170105,google,cpc,Kasko_search_msk_NEW,Автострахование по КАСКО,mobile,1,1,0,6.0,0,0,0,1,1,1
bankingFinance,Renins,renins.com,20170105,google,cpc,Kasko_search_msk_NEW,Все виды КАСКО,mobile,1,1,0,12.0,0,0,0,1,1,1
bankingFinance,Renins,renins.com,20170105,google,cpc,Kasko_search_msk_NEW,Ищете КАСКО?,desktop,2,9,0,324.0,1,0,0,0,2,2
bankingFinance,Renins,renins.com,20170105,google,cpc,Kasko_search_msk_NEW,Ищете КАСКО?,mobile,5,6,0,924.0,3,0,0,5,5,5
bankingFinance,Renins,renins.com,20170105,google,cpc,Kasko_search_msk_NEW,Ищете КАСКО?,tablet,3,10,0,390.0,0,0,0,0,3,3
bankingFinance,Renins,renins.com,20170105,google,cpc,Kasko_search_msk_NEW,КАСКО в рассрочку. Renins.com,mobile,1,1,0,6.0,0,0,0,1,1,1
bankingFinance,Renins,renins.com,20170105,google,cpc,Kasko_search_msk_NEW,КАСКО в стабильной компании,mobile,2,2,0,281.0,1,0,0,2,2,2
bankingFinance,Renins,renins.com,20170105,google,cpc,Kasko_search_msk_NEW,КАСКО для KIA на Renins.com,desktop,1,27,0,491.0,1,0,0,0,1,1
bankingFinance,Renins,renins.com,20170105,google,cpc,Kasko_search_msk_NEW,КАСКО на Porsche в Renins.com,mobile,1,1,0,122.0,1,0,0,1,1,1
bankingFinance,Renins,renins.com,20170105,google,cpc,Kasko_search_msk_NEW,КАСКО на Skoda в Renins.com,desktop,1,2,0,16.0,0,0,0,0,0,0
bankingFinance,Renins,renins.com,20170105,google,cpc,Kasko_search_msk_NEW,КАСКО на Ауди А6 в Renins.com,mobile,2,2,0,11.0,0,0,0,2,2,2
bankingFinance,Renins,renins.com,20170105,google,cpc,Kasko_search_msk_NEW,КАСКО на КИА Оптима в Renins,desktop,1,6,0,183.0,1,0,0,0,1,1
bankingFinance,Renins,renins.com,20170105,google,cpc,Kasko_search_msk_NEW,КАСКО на КИА Рио в Renins.com,desktop,1,6,0,219.0,1,0,0,0,1,1
bankingFinance,Renins,renins.com,20170105,google,cpc,Kasko_search_msk_NEW,КАСКО на Форд в Renins.com,tablet,1,2,0,157.0,1,0,0,1,1,1
bankingFinance,Renins,renins.com,20170105,google,cpc,Kasko_search_msk_NEW,КАСКО на ваше авто в Renins,desktop,1,2,0,3.0,0,0,0,0,1,0
bankingFinance,Renins,renins.com,20170105,google,cpc,Kasko_search_msk_NEW,КАСКО от угона,mobile,3,2,0,546.0,1,0,0,2,2,2
bankingFinance,Renins,renins.com,20170105,google,cpc,Kasko_search_msk_NEW,КАСКО от угона на Renins.com,desktop,4,13,0,148.0,4,0,0,0,1,1
bankingFinance,Renins,renins.com,20170105,google,cpc,Kasko_search_msk_NEW,КАСКО/ОСАГО на Renins.com,mobile,1,1,1,0.0,0,0,0,0,0,0
bankingFinance,Renins,renins.com,20170105,google,cpc,Kasko_search_msk_NEW,Калькулятор КАСКО в Ренессанс,desktop,2,6,0,26.0,0,0,0,0,2,2
bankingFinance,Renins,renins.com,20170105,google,cpc,Kasko_search_msk_NEW,Калькулятор КАСКО в Ренессанс,mobile,2,2,0,1230.0,1,0,0,2,2,2
bankingFinance,Renins,renins.com,20170105,google,cpc,Kasko_search_msk_NEW,Калькулятор КАСКО в Ренессанс,tablet,1,27,0,648.0,1,1,0,0,1,1
bankingFinance,Renins,renins.com,20170105,google,cpc,Kasko_search_msk_NEW,Калькулятор КАСКО онлайн,desktop,6,22,0,1943.0,0,0,1,0,1,1
bankingFinance,Renins,renins.com,20170105,google,cpc,Kasko_search_msk_NEW,Онлайн-калькулятор КАСКО 24х7,mobile,1,2,0,205.0,1,0,0,1,1,1
bankingFinance,Renins,renins.com,20170105,google,cpc,Kasko_search_msk_NEW,Полис КАСКО на Renins.com,desktop,1,1,1,0.0,0,0,0,0,0,0
bankingFinance,Renins,renins.com,20170105,google,cpc,Kasko_search_msk_NEW,Рассчитать КАСКО онлайн,mobile,1,1,0,7.0,0,0,0,1,1,1
bankingFinance,Renins,renins.com,20170105,google,cpc,Kasko_search_msk_NEW,Рассчитать стоимость КАСКО,desktop,2,8,0,137.0,0,0,1,0,1,2
bankingFinance,Renins,renins.com,20170105,google,cpc,Kasko_search_msk_NEW,Рассчитать стоимость КАСКО,mobile,8,9,0,556.0,3,0,0,7,7,6
bankingFinance,Renins,renins.com,20170105,google,cpc,Kasko_search_msk_NEW,Расчет КАСКО на Renins.com,mobile,2,3,0,1297.0,1,0,0,2,2,2
bankingFinance,Renins,renins.com,20170105,google,cpc,Kasko_search_msk_NEW,Расчет КАСКО онлайн,desktop,2,20,0,387.0,0,0,1,0,1,1
bankingFinance,Renins,renins.com,20170105,google,cpc,Kasko_search_msk_NEW,Расчет КАСКО онлайн,mobile,3,5,0,851.0,2,0,0,3,3,2
bankingFinance,Renins,renins.com,20170105,google,cpc,Kasko_search_msk_NEW,Расчет КАСКО онлайн.,mobile,2,3,0,61.0,0,0,0,2,2,1
bankingFinance,Renins,renins.com,20170105,google,cpc,Kasko_search_msk_NEW,Расчёт стоимости КАСКО онлайн,desktop,2,20,0,538.0,0,0,2,0,2,2
bankingFinance,Renins,renins.com,20170105,google,cpc,Kasko_search_msk_NEW,Расчёт стоимости КАСКО онлайн,mobile,1,1,0,6.0,0,0,0,1,1,1
bankingFinance,Renins,renins.com,20170105,google,cpc,Kasko_search_msk_NEW,Сколько сейчас стоит КАСКО?,mobile,1,1,0,240.0,1,0,0,1,1,1
bankingFinance,Renins,renins.com,20170105,google,cpc,Kasko_search_msk_NEW,Сколько стоит КАСКО?,mobile,1,1,1,0.0,0,0,0,0,0,0
bankingFinance,Renins,renins.com,20170105,google,cpc,Kasko_search_msk_NEW,Страхование от угона онлайн,mobile,2,4,0,196.0,0,0,0,2,2,2
bankingFinance,Renins,renins.com,20170105,google,cpc,Kasko_search_msk_NEW,Страховая компания КАСКО,mobile,3,3,0,27.0,0,0,0,3,3,3
bankingFinance,Renins,renins.com,20170105,google,cpc,Kasko_search_msk_NEW,Страховка от угона?,desktop,1,2,0,1.0,0,0,0,0,1,0
bankingFinance,Renins,renins.com,20170105,google,cpc,Kasko_search_msk_NEW,Страховой калькулятор.,mobile,2,2,0,214.0,1,0,0,2,2,2
bankingFinance,Renins,renins.com,20170105,google,cpc,Kasko_search_msk_NEW,Узнайте сколько стоит КАСКО,tablet,1,1,0,12.0,0,0,0,1,1,1
bankingFinance,Renins,renins.com,20170105,google,cpc,Kasko_search_msk_NEW,Хотите КАСКО подешевле?,mobile,1,1,0,183.0,1,0,0,1,1,1
bankingFinance,Renins,renins.com,20170105,google,cpc,Kasko_search_msk_NEW,Хотите узнать цену КАСКО?,mobile,1,1,0,98.0,0,0,0,1,1,1
bankingFinance,Renins,renins.com,20170105,google,cpc,Kasko_search_spb_New,Renins.com - расчет КАСКО,desktop,8,8,0,60.0,0,0,0,0,0,8
bankingFinance,Renins,renins.com,20170105,google,cpc,Kasko_search_spb_New,Renins: страховка КАСКО онлайн,mobile,1,1,0,6.0,0,0,0,1,1,1
bankingFinance,Renins,renins.com,20170105,google,cpc,Kasko_search_spb_New,Авто КАСКО онлайн.,mobile,1,1,0,6.0,0,0,0,1,1,1
bankingFinance,Renins,renins.com,20170105,google,cpc,Kasko_search_spb_New,Выгодное КАСКО за 2 мин?,mobile,2,2,0,16.0,0,0,0,2,2,2
bankingFinance,Renins,renins.com,20170105,google,cpc,Kasko_search_spb_New,Ищете КАСКО?,mobile,3,5,0,2069.0,1,0,0,3,3,3
bankingFinance,Renins,renins.com,20170105,google,cpc,Kasko_search_spb_New,Ищете страховую по КАСКО?,desktop,1,15,0,544.0,0,0,0,0,1,1
bankingFinance,Renins,renins.com,20170105,google,cpc,Kasko_search_spb_New,КАСКО Тойота Ленд Крузер 200,mobile,1,1,0,6.0,0,0,0,1,1,1
bankingFinance,Renins,renins.com,20170105,google,cpc,Kasko_search_spb_New,КАСКО на BMW в Renins.com,mobile,1,1,0,6.0,1,0,0,1,1,0
bankingFinance,Renins,renins.com,20170105,google,cpc,Kasko_search_spb_New,КАСКО на Renins.com,mobile,1,2,0,284.0,1,0,0,1,1,1
bankingFinance,Renins,renins.com,20170105,google,cpc,Kasko_search_spb_New,КАСКО на Лексус в Renins.com,tablet,3,5,0,2724.0,2,0,0,3,3,3
bankingFinance,Renins,renins.com,20170105,google,cpc,Kasko_search_spb_New,КАСКО на Мицубиси Аутлендер,mobile,1,1,0,6.0,0,0,0,1,1,1
bankingFinance,Renins,renins.com,20170105,google,cpc,Kasko_search_spb_New,КАСКО на Фольксваген Поло,mobile,2,3,0,806.0,2,0,0,2,2,2
bankingFinance,Renins,renins.com,20170105,google,cpc,Kasko_search_spb_New,КАСКО на Хендай Солярис онлайн,mobile,3,3,0,2058.0,2,0,0,3,3,1
bankingFinance,Renins,renins.com,20170105,google,cpc,Kasko_search_spb_New,КАСКО онлайн,desktop,1,1,1,0.0,0,0,0,0,0,0
bankingFinance,Renins,renins.com,20170105,google,cpc,Kasko_search_spb_New,КАСКО от угона,desktop,1,30,0,3373.0,1,0,1,0,1,1
bankingFinance,Renins,renins.com,20170105,google,cpc,Kasko_search_spb_New,КАСКО от угона,mobile,1,1,0,159.0,1,0,0,1,1,1
bankingFinance,Renins,renins.com,20170105,google,cpc,Kasko_search_spb_New,КАСКО от угона на Renins.com,tablet,1,2,0,133.0,1,0,0,1,1,1
bankingFinance,Renins,renins.com,20170105,google,cpc,Kasko_search_spb_New,КАСКО/ОСАГО на Renins.com,desktop,1,3,0,7.0,0,0,0,0,1,1
bankingFinance,Renins,renins.com,20170105,google,cpc,Kasko_search_spb_New,Калькулятор страхования авто,mobile,1,1,0,130.0,1,0,0,1,1,1
bankingFinance,Renins,renins.com,20170105,google,cpc,Kasko_search_spb_New,Оформить КАСКО онлайн,desktop,1,3,0,12.0,0,0,0,0,1,1
bankingFinance,Renins,renins.com,20170105,google,cpc,Kasko_search_spb_New,Оформление полиса КАСКО онлайн,desktop,1,7,0,43.0,0,0,0,0,1,1
bankingFinance,Renins,renins.com,20170105,google,cpc,Kasko_search_spb_New,Полис КАСКО в Санкт-Петербурге,mobile,1,1,0,5.0,0,0,0,1,1,1
bankingFinance,Renins,renins.com,20170105,google,cpc,Kasko_search_spb_New,Полное КАСКО на Renins.com,mobile,1,1,0,6.0,0,0,0,1,1,1
bankingFinance,Renins,renins.com,20170105,google,cpc,Kasko_search_spb_New,Рассчитать КАСКО для в СПб,desktop,1,9,0,119.0,1,0,0,0,1,1
bankingFinance,Renins,renins.com,20170105,google,cpc,Kasko_search_spb_New,Рассчитать КАСКО для в СПб,mobile,3,3,0,215.0,1,0,0,3,3,2
bankingFinance,Renins,renins.com,20170105,google,cpc,Kasko_search_spb_New,Рассчитать КАСКО для в СПб,tablet,2,2,0,254.0,1,0,0,2,2,2
bankingFinance,Renins,renins.com,20170105,google,cpc,Kasko_search_spb_New,Расчет КАСКО в СПб,desktop,3,19,0,677.0,0,0,0,0,3,3
bankingFinance,Renins,renins.com,20170105,google,cpc,Kasko_search_spb_New,Расчет КАСКО в СПб,mobile,4,5,0,355.0,1,0,0,4,4,2
bankingFinance,Renins,renins.com,20170105,google,cpc,Kasko_search_spb_New,Расчет КАСКО в СПб,tablet,3,11,0,225.0,0,0,0,0,3,3
bankingFinance,Renins,renins.com,20170105,google,cpc,Kasko_search_spb_New,Расчет КАСКО в СПб. Renins.com,desktop,1,3,0,24.0,0,0,0,0,1,1
bankingFinance,Renins,renins.com,20170105,google,cpc,Kasko_search_spb_New,Расчет КАСКО в СПб. Renins.com,tablet,2,13,1,717.0,0,0,1,0,1,1
bankingFinance,Renins,renins.com,20170105,google,cpc,Kasko_search_spb_New,Расчет КАСКО онлайн,mobile,17,18,0,4363.0,11,0,0,16,16,15
bankingFinance,Renins,renins.com,20170105,google,cpc,Kasko_search_spb_New,Расчет страховки на автомобиль,mobile,1,1,0,10.0,0,0,0,1,1,1
bankingFinance,Renins,renins.com,20170105,google,cpc,Kasko_search_spb_New,Расчёт стоимости КАСКО онлайн,mobile,1,1,0,5.0,0,0,0,1,1,1
bankingFinance,Renins,renins.com,20170105,google,cpc,Kasko_search_spb_New,Сколько сейчас стоит КАСКО?,desktop,2,9,0,186.0,1,0,0,0,2,2
bankingFinance,Renins,renins.com,20170105,google,cpc,Kasko_search_spb_New,Сколько сейчас стоит КАСКО?,mobile,1,2,0,565.0,1,0,0,1,1,1
bankingFinance,Renins,renins.com,20170105,google,cpc,Kasko_search_spb_New,Сколько стоит КАСКО?,desktop,1,6,0,218.0,1,0,0,0,1,1
bankingFinance,Renins,renins.com,20170105,google,cpc,Kasko_search_spb_New,Страховка от угона?,desktop,2,4,1,7.0,0,0,0,0,1,1
bankingFinance,Renins,renins.com,20170105,google,cpc,Kasko_search_spb_New,Страховка от угона?,mobile,1,1,0,8.0,0,0,0,1,1,1
bankingFinance,Renins,renins.com,20170105,google,cpc,Kasko_search_spb_New,Удобный калькулятор КАСКО?,desktop,3,11,1,331.0,1,0,0,0,2,2
bankingFinance,Renins,renins.com,20170105,google,cpc,Kasko_search_spb_New,Удобный калькулятор КАСКО?,mobile,3,3,0,1156.0,1,0,0,2,2,2
bankingFinance,Renins,renins.com,20170105,google,cpc,Kasko_search_spb_New,Удобный калькулятор КАСКО?,tablet,1,8,0,229.0,1,0,0,0,1,1
bankingFinance,Renins,renins.com,20170105,google,cpc,Kasko_search_spb_New,Узнать стоимость КАСКО?,desktop,1,6,0,86.0,0,0,0,0,1,1
bankingFinance,Renins,renins.com,20170105,google,cpc,Kasko_search_spb_New,Хотите приобрести КАСКО?,desktop,1,3,0,17.0,0,0,0,0,1,1
bankingFinance,Renins,renins.com,20170105,google,cpc,Kasko_search_spb_New,Цена страхования автомобиля?,mobile,1,1,0,111.0,0,0,0,1,1,1
bankingFinance,Renins,renins.com,20170105,google,cpc,Kasko_search_spb_New,Что такое КАСКО?,desktop,1,2,0,2.0,0,0,0,0,1,0
bankingFinance,Renins,renins.com,20170105,google,cpc,Kasko_search_spb_New,Что такое КАСКО?,mobile,1,1,0,5.0,0,0,0,1,1,1
bankingFinance,Renins,renins.com,20170105,google,cpc,Molodaya_Partner_М25-34_MSK_all,320x50.zip,mobile,4,6,0,872.0,0,0,0,4,4,4
bankingFinance,Renins,renins.com,20170105,google,cpc,Molodaya_Partner_М25-34_SPB_all,300x600.zip,tablet,1,1,0,1.0,0,0,0,1,1,1
bankingFinance,Renins,renins.com,20170105,google,cpc,Motor.Insuranse_Search_MSK,КАСКО в Ренессанс страхование,desktop,3,13,0,95.0,0,0,0,0,3,2
bankingFinance,Renins,renins.com,20170105,google,cpc,Motor.Insuranse_Search_MSK,КАСКО в Ренессанс страхование,mobile,1,1,0,6.0,0,0,0,1,1,1
bankingFinance,Renins,renins.com,20170105,google,cpc,Motor.Insuranse_Search_MSK,КАСКО в Ренессанс страхование,tablet,3,4,0,357.0,0,0,0,1,2,3
bankingFinance,Renins,renins.com,20170105,google,cpc,Motor.Insuranse_Search_SPB,КАСКО в Ренессанс страхование,mobile,1,1,0,9.0,0,0,0,1,1,1
bankingFinance,Renins,renins.com,20170105,google,cpc,OSAGO_search_MSK,Купить полис ОСАГО онлайн,mobile,1,2,0,147.0,0,0,0,1,1,1
bankingFinance,Renins,renins.com,20170105,google,cpc,OSAGO_search_MSK,ОСАГО в Ренессанс страхование,mobile,1,1,0,317.0,1,0,0,1,1,1
bankingFinance,Renins,renins.com,20170105,google,cpc,OSAGO_search_MSK,Онлайн калькулятор ОСАГО,mobile,2,2,0,116.0,0,0,0,2,2,2
bankingFinance,Renins,renins.com,20170105,google,cpc,OSAGO_search_MSK,Онлайн-калькулятор ОСАГО,desktop,1,12,0,1298.0,0,0,0,0,1,0
bankingFinance,Renins,renins.com,20170105,google,cpc,OSAGO_search_MSK,Узнайте цену на ОСАГО в Москве,mobile,1,1,0,128.0,0,0,0,1,1,1
bankingFinance,Renins,renins.com,20170105,google,cpc,OSAGO_search_SPB_1st,Заказать ОСАГО онлайн,tablet,1,2,0,1073.0,0,0,0,1,1,1
bankingFinance,Renins,renins.com,20170105,google,cpc,OSAGO_search_SPB_1st,Калькулятор ОСАГО в СПБ,tablet,1,1,0,7.0,0,0,0,1,1,1
bankingFinance,Renins,renins.com,20170105,google,cpc,OSAGO_search_SPB_1st,Калькулятор полиса ОСАГО,desktop,1,3,0,6.0,0,0,0,0,1,1
bankingFinance,Renins,renins.com,20170105,google,cpc,OSAGO_search_SPB_1st,Купите ОСАГО в рассрочку,mobile,2,3,0,2005.0,0,0,0,2,2,2
bankingFinance,Renins,renins.com,20170105,google,cpc,OSAGO_search_SPB_1st,Купите ОСАГО онлайн сейчас,desktop,10,95,0,4049.0,0,5,0,0,8,6
bankingFinance,Renins,renins.com,20170105,google,cpc,OSAGO_search_SPB_1st,Купите ОСАГО онлайн сейчас,mobile,6,13,0,2339.0,0,0,0,6,6,5
bankingFinance,Renins,renins.com,20170105,google,cpc,OSAGO_search_SPB_1st,Купите ОСАГО онлайн сейчас,tablet,4,5,0,2987.0,2,0,0,3,3,3
bankingFinance,Renins,renins.com,20170105,google,cpc,OSAGO_search_SPB_1st,Купите ОСАГО по выгодной цене,desktop,6,13,0,57.0,0,0,0,0,4,3
bankingFinance,Renins,renins.com,20170105,google,cpc,OSAGO_search_SPB_1st,Купите ОСАГО по выгодной цене,mobile,4,6,0,208.0,0,0,0,4,4,2
bankingFinance,Renins,renins.com,20170105,google,cpc,OSAGO_search_SPB_1st,Купите страховку ОСАГО онлайн,mobile,1,2,0,285.0,0,0,0,1,1,1
bankingFinance,Renins,renins.com,20170105,google,cpc,OSAGO_search_SPB_1st,Купить электронный полис ОСАГО,desktop,2,12,0,320.0,0,1,0,0,2,2
bankingFinance,Renins,renins.com,20170105,google,cpc,OSAGO_search_SPB_1st,ОСАГО в Ренессанс страхование,desktop,8,25,0,1002.0,0,1,0,0,2,2
bankingFinance,Renins,renins.com,20170105,google,cpc,OSAGO_search_SPB_1st,ОСАГО в Ренессанс страхование,mobile,2,2,0,264.0,0,0,0,2,2,2
bankingFinance,Renins,renins.com,20170105,google,cpc,OSAGO_search_SPB_1st,ОСАГО в Ренессанс страхование,tablet,3,13,0,1240.0,0,1,0,1,3,3
bankingFinance,Renins,renins.com,20170105,google,cpc,OSAGO_search_SPB_1st,ОСАГО с онлайн-оплатой,desktop,1,4,0,29.0,0,0,0,0,1,1
bankingFinance,Renins,renins.com,20170105,google,cpc,OSAGO_search_SPB_1st,Онлайн-калькулятор Renins.com,desktop,1,11,0,556.0,0,1,0,0,1,1
bankingFinance,Renins,renins.com,20170105,google,cpc,OSAGO_search_SPB_1st,Онлайн-калькулятор ОСАГО,desktop,13,79,2,3874.0,0,6,0,0,11,9
bankingFinance,Renins,renins.com,20170105,google,cpc,OSAGO_search_SPB_1st,Онлайн-калькулятор ОСАГО,mobile,23,30,0,2266.0,1,0,0,22,22,20
bankingFinance,Renins,renins.com,20170105,google,cpc,OSAGO_search_SPB_1st,Онлайн-калькулятор ОСАГО,tablet,7,25,0,729.0,0,3,0,3,7,4
bankingFinance,Renins,renins.com,20170105,google,cpc,OSAGO_search_SPB_1st,Онлайн-калькулятор ОСАГО 24х7,desktop,3,23,0,565.0,0,2,0,0,3,3
bankingFinance,Renins,renins.com,20170105,google,cpc,OSAGO_search_SPB_1st,Онлайн-калькулятор ОСАГО 24х7,mobile,15,30,0,6649.0,3,0,0,14,15,13
bankingFinance,Renins,renins.com,20170105,google,cpc,OSAGO_search_SPB_1st,Онлайн-расчёт страховки ОСАГО,desktop,2,5,1,366.0,0,0,0,0,1,1
bankingFinance,Renins,renins.com,20170105,google,cpc,OSAGO_search_SPB_1st,Онлайн-расчёт страховки ОСАГО,mobile,2,5,0,590.0,0,0,0,2,2,2
bankingFinance,Renins,renins.com,20170105,google,cpc,OSAGO_search_SPB_1st,Оформить ОСАГО на автомобиль,mobile,1,1,0,355.0,0,0,0,1,1,1
bankingFinance,Renins,renins.com,20170105,google,cpc,OSAGO_search_SPB_1st,Оформить полис ОСАГО онлайн,mobile,1,1,0,722.0,0,0,0,1,1,1
bankingFinance,Renins,renins.com,20170105,google,cpc,OSAGO_search_SPB_1st,Оформить полис ОСАГО онлайн,tablet,1,1,0,254.0,0,0,0,1,1,1
bankingFinance,Renins,renins.com,20170105,google,cpc,OSAGO_search_SPB_1st,Оформить страховку ОСАГО,mobile,1,2,0,139.0,0,0,0,1,1,1
bankingFinance,Renins,renins.com,20170105,google,cpc,OSAGO_search_SPB_1st,Полис ОСАГО онлайн с доставкой,mobile,2,2,0,12.0,0,0,0,2,2,2
bankingFinance,Renins,renins.com,20170105,google,cpc,OSAGO_search_SPB_1st,Полис ОСАГО по выгодной цене,mobile,4,8,0,3130.0,0,0,0,4,4,4
bankingFinance,Renins,renins.com,20170105,google,cpc,OSAGO_search_SPB_1st,Полис ОСАГО с доставкой на дом,mobile,2,2,0,45.0,0,0,0,2,2,2
bankingFinance,Renins,renins.com,20170105,google,cpc,OSAGO_search_SPB_1st,Полис ОСАГО через интернет,desktop,1,7,0,1728.0,0,1,0,0,1,1
bankingFinance,Renins,renins.com,20170105,google,cpc,OSAGO_search_SPB_1st,Рассчитайте ОСАГО онлайн,desktop,1,6,0,293.0,0,0,0,0,1,1
bankingFinance,Renins,renins.com,20170105,google,cpc,OSAGO_search_SPB_1st,Рассчитайте ОСАГО онлайн,mobile,5,6,0,879.0,0,0,0,5,5,5
bankingFinance,Renins,renins.com,20170105,google,cpc,OSAGO_search_SPB_1st,Рассчитайте ОСАГО онлайн,tablet,1,4,0,67.0,0,0,0,0,1,1
bankingFinance,Renins,renins.com,20170105,google,cpc,OSAGO_search_SPB_1st,Рассчитайте полис ОСАГО онлайн,tablet,1,1,0,5.0,0,0,0,1,1,1
bankingFinance,Renins,renins.com,20170105,google,cpc,OSAGO_search_SPB_1st,Рассчитайте страховку ОСАГО,desktop,5,26,0,906.0,0,1,0,0,5,5
bankingFinance,Renins,renins.com,20170105,google,cpc,OSAGO_search_SPB_1st,Рассчитайте страховку ОСАГО,mobile,21,32,0,4657.0,2,0,0,19,21,18
bankingFinance,Renins,renins.com,20170105,google,cpc,OSAGO_search_SPB_1st,Рассчитайте страховку ОСАГО,tablet,2,3,0,227.0,0,0,0,1,2,1
bankingFinance,Renins,renins.com,20170105,google,cpc,OSAGO_search_SPB_1st,Рассчитайте электронный ОСАГО,desktop,1,1,1,0.0,0,0,0,0,0,0
bankingFinance,Renins,renins.com,20170105,google,cpc,OSAGO_search_SPB_1st,Расчёт стоимости ОСАГО онлайн,desktop,4,25,0,2904.0,0,3,0,0,3,3
bankingFinance,Renins,renins.com,20170105,google,cpc,OSAGO_search_SPB_1st,Расчёт стоимости ОСАГО онлайн,mobile,7,7,0,756.0,0,0,0,7,7,7
bankingFinance,Renins,renins.com,20170105,google,cpc,OSAGO_search_SPB_1st,Расчёт стоимости ОСАГО онлайн,tablet,2,2,0,868.0,0,0,0,2,2,2
bankingFinance,Renins,renins.com,20170105,google,cpc,OSAGO_search_SPB_1st,Сделайте полис ОСАГО онлайн,mobile,2,2,0,557.0,0,0,0,2,2,2
bankingFinance,Renins,renins.com,20170105,google,cpc,OSAGO_search_SPB_1st,Страховой калькулятор ОСАГО,mobile,1,4,0,1169.0,0,0,0,1,1,1
bankingFinance,Renins,renins.com,20170105,google,cpc,OSAGO_search_SPB_1st,Страховой калькулятор ОСАГО,tablet,5,9,0,1890.0,0,0,0,5,5,5
bankingFinance,Renins,renins.com,20170105,google,cpc,OSAGO_search_SPB_1st,Точный онлайн-расчёт ОСАГО,desktop,6,29,0,376.0,0,2,0,0,6,6
bankingFinance,Renins,renins.com,20170105,google,cpc,OSAGO_search_SPB_1st,Точный онлайн-расчёт ОСАГО,mobile,8,11,0,2834.0,0,0,0,8,8,8
bankingFinance,Renins,renins.com,20170105,google,cpc,OSAGO_search_SPB_1st,Точный онлайн-расчёт ОСАГО,tablet,3,8,0,188.0,0,1,0,2,3,3
bankingFinance,Renins,renins.com,20170105,google,cpc,OSAGO_search_SPB_1st,Узнайте стоимость ОСАГО онлайн,desktop,1,7,0,557.0,0,1,0,0,1,1
bankingFinance,Renins,renins.com,20170105,google,cpc,OSAGO_search_SPB_1st,Узнайте цену на полис ОСАГО,desktop,3,20,0,439.0,0,2,0,0,3,3
bankingFinance,Renins,renins.com,20170105,google,cpc,OSAGO_search_SPB_1st,Узнайте цену на полис ОСАГО,mobile,4,4,0,1903.0,0,0,0,4,4,4
bankingFinance,Renins,renins.com,20170105,google,cpc,OSAGO_search_SPB_1st,Электронный полис ОСАГО онлайн,desktop,3,36,0,3777.0,0,2,0,0,3,3
bankingFinance,Renins,renins.com,20170105,google,cpc,OSAGO_search_SPB_1st,Электронный полис ОСАГО онлайн,mobile,4,5,0,529.0,0,0,0,4,4,4
bankingFinance,Renins,renins.com,20170105,google,cpc,OSAGO_search_SPB_2nd,Желаете оформить полис ОСАГО?,mobile,1,7,0,1467.0,0,0,0,1,1,1
bankingFinance,Renins,renins.com,20170105,google,cpc,OSAGO_search_SPB_2nd,Желаете получить ОСАГО онлайн?,mobile,1,1,0,5.0,0,0,0,1,1,0
bankingFinance,Renins,renins.com,20170105,google,cpc,OSAGO_search_SPB_2nd,Нужен полис ОСАГО в СПБ?,desktop,2,7,0,63.0,0,0,0,0,2,1
bankingFinance,Renins,renins.com,20170105,google,cpc,OSAGO_search_SPB_2nd,Нужен полис ОСАГО в СПБ?,mobile,1,1,0,193.0,0,0,0,1,1,1
bankingFinance,Renins,renins.com,20170105,google,cpc,OSAGO_search_SPB_2nd,ОСАГО для б\у автомобилей,desktop,1,1,1,0.0,0,0,0,0,0,0
bankingFinance,Renins,renins.com,20170105,google,cpc,OSAGO_search_SPB_2nd,ОСАГО для водителя без стажа,mobile,1,2,0,20.0,0,0,0,1,1,0
bankingFinance,Renins,renins.com,20170105,google,cpc,OSAGO_search_SPB_2nd,Онлайн-калькулятор ОСАГО,desktop,15,71,2,2289.0,0,5,0,0,11,10
bankingFinance,Renins,renins.com,20170105,google,cpc,OSAGO_search_SPB_2nd,Онлайн-калькулятор ОСАГО,mobile,33,51,0,9570.0,0,0,0,33,33,31
bankingFinance,Renins,renins.com,20170105,google,cpc,OSAGO_search_SPB_2nd,Онлайн-калькулятор ОСАГО,tablet,6,24,0,1689.0,0,1,0,3,6,6
bankingFinance,Renins,renins.com,20170105,google,cpc,OSAGO_search_SPB_2nd,Онлайн-калькулятор ОСАГО 2016,desktop,1,4,0,29.0,0,0,0,0,1,1
bankingFinance,Renins,renins.com,20170105,google,cpc,OSAGO_search_SPB_2nd,Онлайн-калькулятор ОСАГО 2016,mobile,3,3,0,1730.0,0,0,0,3,3,3
bankingFinance,Renins,renins.com,20170105,google,cpc,OSAGO_search_SPB_2nd,Онлайн-калькулятор ОСАГО 24х7,mobile,1,1,0,0.0,0,0,0,1,1,0
bankingFinance,Renins,renins.com,20170105,google,cpc,OSAGO_search_SPB_2nd,Покупка ОСАГО онлайн,desktop,1,6,0,145.0,0,1,0,0,1,1
bankingFinance,Renins,renins.com,20170105,google,cpc,OSAGO_search_SPB_2nd,Полис ОСАГО по базовым тарифам,desktop,3,31,0,2546.0,0,2,0,0,3,3
bankingFinance,Renins,renins.com,20170105,google,cpc,OSAGO_search_SPB_2nd,Полис ОСАГО по выгодной цене,mobile,1,1,0,5.0,0,0,0,1,1,1
bankingFinance,Renins,renins.com,20170105,google,cpc,OSAGO_search_SPB_2nd,Получите полис ОСАГО в Москве,mobile,3,3,0,236.0,1,0,0,3,3,3
bankingFinance,Renins,renins.com,20170105,google,cpc,OSAGO_search_SPB_2nd,Сколько стоит ОСАГО в Москве?,tablet,3,4,0,707.0,0,0,0,3,3,3
bankingFinance,Renins,renins.com,20170105,google,cpc,OSAGO_search_SPB_2nd,Стоимость ОСАГО на год,mobile,2,4,0,1684.0,0,0,0,2,2,1
bankingFinance,Renins,renins.com,20170105,google,cpc,OSAGO_search_SPB_2nd,Страхование авто по ОСАГО,mobile,1,1,0,0.0,0,0,0,1,1,0
bankingFinance,Renins,renins.com,20170105,google,cpc,OSAGO_search_SPB_2nd,Страхование авто по ОСАГО,tablet,2,5,1,700.0,0,0,0,1,1,1
bankingFinance,Renins,renins.com,20170105,google,cpc,OSAGO_search_SPB_2nd,Страхование по ОСАГО онлайн,desktop,8,43,0,1820.0,0,7,0,0,5,5
bankingFinance,Renins,renins.com,20170105,google,cpc,OSAGO_search_SPB_2nd,Страхование по ОСАГО онлайн,mobile,11,13,0,3966.0,0,0,0,10,10,8
bankingFinance,Renins,renins.com,20170105,google,cpc,OSAGO_search_SPB_2nd,Страховка ОСАГО онлайн,mobile,2,2,0,14.0,0,0,0,2,2,2
bankingFinance,Renins,renins.com,20170105,google,cpc,OSAGO_search_SPB_2nd,Страховой полис ОСАГО онлайн,tablet,1,1,0,312.0,0,0,0,1,1,1
bankingFinance,Renins,renins.com,20170105,google,cpc,OSAGO_search_SPB_2nd,Узнайте сколько стоит ОСАГО,desktop,1,3,0,24.0,0,0,0,0,1,1
bankingFinance,Renins,renins.com,20170105,google,cpc,OSAGO_search_SPB_2nd,Узнайте сколько стоит ОСАГО,mobile,4,5,0,1406.0,0,0,0,4,4,4
bankingFinance,Renins,renins.com,20170105,google,cpc,OSAGO_search_SPB_2nd,Узнайте сколько стоит ОСАГО,tablet,3,7,0,963.0,0,0,0,2,3,3
bankingFinance,Renins,renins.com,20170105,google,cpc,OSAGO_search_SPB_2nd,Узнайте стоимость ОСАГО в СПБ,mobile,1,1,0,5.0,0,0,0,1,1,1
bankingFinance,Renins,renins.com,20170105,google,cpc,OSAGO_search_SPB_2nd,Узнайте стоимость полиса ОСАГО,mobile,1,1,0,249.0,0,0,0,1,1,1
bankingFinance,Renins,renins.com,20170105,google,cpc,OSAGO_search_SPB_2nd,Узнайте стоимость полиса ОСАГО,tablet,2,2,0,249.0,1,0,0,2,2,2
bankingFinance,Renins,renins.com,20170105,google,cpc,OSAGO_search_SPB_2nd,Электронный полис ОСАГО онлайн,desktop,9,54,0,3186.0,0,3,0,0,7,6
bankingFinance,Renins,renins.com,20170105,google,cpc,OSAGO_search_SPB_2nd,Электронный полис ОСАГО онлайн,mobile,9,12,0,699.0,0,0,0,9,9,7
bankingFinance,Renins,renins.com,20170105,google,cpc,OSAGO_search_SPB_2nd,Электронный полис ОСАГО онлайн,tablet,2,23,0,1214.0,0,2,0,0,2,2
bankingFinance,Renins,renins.com,20170105,google,cpc,OSAGO_search_SPB_3rd,Желаете сделать ОСАГО?,mobile,1,1,0,7.0,0,0,0,1,1,1
bankingFinance,Renins,renins.com,20170105,google,cpc,OSAGO_search_SPB_3rd,Купить ОСАГО круглосуточно,mobile,1,1,0,6.0,0,0,0,1,1,1
bankingFinance,Renins,renins.com,20170105,google,cpc,OSAGO_search_SPB_3rd,Полис ОСАГО по выгодной цене,desktop,1,13,0,1105.0,0,1,0,0,1,1
bankingFinance,Renins,renins.com,20170105,google,cpc,OSAGO_search_SPB_3rd,Полис ОСАГО по выгодной цене,mobile,2,1,0,281.0,0,0,0,1,1,1
bankingFinance,Renins,renins.com,20170105,google,cpc,OSAGO_search_SPB_3rd,Рассчитайте ОСАГО онлайн,mobile,3,5,0,385.0,0,0,0,3,3,3
bankingFinance,Renins,renins.com,20170105,google,cpc,OSAGO_search_SPB_3rd,Рассчитайте ОСАГО онлайн,tablet,1,1,0,5.0,0,0,0,1,1,1
bankingFinance,Renins,renins.com,20170105,google,cpc,OSAGO_search_SPB_3rd,Электронный полис ОСАГО онлайн,tablet,1,11,0,263.0,0,1,0,0,1,1
bankingFinance,Renins,renins.com,20170105,google,cpc,OffRoad_Partner_F35-44_MSK_all,320x50.zip,mobile,2,2,0,17.0,0,0,0,2,2,1
bankingFinance,Renins,renins.com,20170105,google,cpc,OffRoad_Partner_F35-44_MSK_all,Калькулятор КАСКО онлайн,mobile,2,2,0,0.0,0,0,0,2,2,0
bankingFinance,Renins,renins.com,20170105,google,cpc,OffRoad_Partner_F45-54_MSK_top10,Калькулятор КАСКО онлайн,mobile,2,2,0,16.0,0,0,0,2,2,2
bankingFinance,Renins,renins.com,20170105,google,cpc,OffRoad_Partner_F45-54_SPB_top10,Калькулятор КАСКО онлайн,mobile,1,1,0,6.0,0,0,0,1,1,1
bankingFinance,Renins,renins.com,20170105,google,cpc,Probeg_Partner_F45-54_SPB_all,Калькулятор КАСКО онлайн,mobile,1,2,0,70.0,0,0,0,1,1,0
bankingFinance,Renins,renins.com,20170105,google,cpc,Probeg_Partner_F45-54_SPB_top10,Калькулятор КАСКО онлайн,mobile,3,4,0,155.0,0,0,0,3,3,3
bankingFinance,Renins,renins.com,20170105,google,cpc,Probeg_Partner_М35-44_MSK_all,Калькулятор КАСКО онлайн,mobile,1,1,0,0.0,0,0,0,1,1,0
bankingFinance,Renins,renins.com,20170105,google,cpc,Probeg_Partner_М45-54_MSK_all,Калькулятор КАСКО онлайн,mobile,1,1,0,6.0,0,0,0,1,1,1
bankingFinance,Renins,renins.com,20170105,google,cpc,Probeg_Partner_М45-54_MSK_top10,Калькулятор КАСКО онлайн,mobile,1,1,0,6.0,0,0,0,1,1,1
bankingFinance,Renins,renins.com,20170105,google,cpc,Retargeting_partner_calc,Molodaya 336x280.zip,mobile,1,1,0,7.0,0,0,0,1,1,1
bankingFinance,Renins,renins.com,20170105,google,cpc,Retargeting_partner_calc,Molodaya 728x90.zip,desktop,2,6,0,19.0,0,0,0,0,2,2
bankingFinance,Renins,renins.com,20170105,google,cpc,Retargeting_partner_calc,Offroad 240x400.zip,desktop,1,7,0,447.0,0,0,1,0,1,1
bankingFinance,Renins,renins.com,20170105,google,cpc,Retargeting_partner_calc,Offroad 300x250.zip,mobile,1,1,0,53.0,0,0,0,1,1,0
bankingFinance,Renins,renins.com,20170105,google,cpc,Retargeting_partner_calc,Offroad 336x280.zip,desktop,1,3,0,5.0,0,0,0,0,1,1
bankingFinance,Renins,renins.com,20170105,google,cpc,Retargeting_partner_calc,Probeg 240x400.zip,desktop,1,2,0,59.0,0,0,0,0,0,0
bankingFinance,Renins,renins.com,20170105,google,cpc,Retargeting_partner_calc,Выгодное предложение от Renins,desktop,4,15,0,384.0,0,1,0,0,3,3
bankingFinance,Renins,renins.com,20170105,google,cpc,Retargeting_partner_calc,Выгодное предложение от Renins,mobile,3,3,0,16.0,0,0,0,3,3,1
bankingFinance,Renins,renins.com,20170105,google,cpc,Retargeting_partner_calc,Выгодное предложение от Renins,tablet,3,6,0,17.0,0,0,0,1,3,1
bankingFinance,Renins,renins.com,20170105,google,cpc,Retargeting_partner_calc-count,Probeg 728x90.zip,tablet,1,3,0,5.0,0,0,0,0,1,1
bankingFinance,Renins,renins.com,20170105,google,cpc,Retargeting_partner_calc-count,Каско от Ренессанс Cтрахование,desktop,1,2,0,7.0,0,0,0,0,1,0
bankingFinance,Renins,renins.com,20170105,google,cpc,Retargeting_partner_calc-count,Каско от Ренессанс Cтрахование,mobile,1,1,0,0.0,0,0,0,1,1,0
bankingFinance,Renins,renins.com,20170105,google,cpc,Retargeting_partner_calc-mistake,Molodaya 240x400.zip,mobile,1,1,0,150.0,0,0,0,1,1,1
bankingFinance,Renins,renins.com,20170105,google,cpc,Retargeting_partner_calc-mistake,Molodaya 336x280.zip,mobile,1,2,0,19.0,0,0,0,1,1,1
bankingFinance,Renins,renins.com,20170105,google,cpc,Retargeting_partner_calc-mistake,Molodaya 728x90.zip,mobile,2,2,0,0.0,0,0,0,2,2,0
bankingFinance,Renins,renins.com,20170105,google,cpc,Retargeting_partner_calc-mistake,Offroad 300x250.zip,tablet,1,1,0,3.0,0,0,0,1,1,1
bankingFinance,Renins,renins.com,20170105,google,cpc,Retargeting_partner_calc-mistake,Offroad 336x280.zip,tablet,1,1,0,60.0,0,0,0,1,1,1
bankingFinance,Renins,renins.com,20170105,google,cpc,Retargeting_partner_calc-mistake,Калькулятор КАСКО в Renins.com,mobile,9,8,0,60.0,0,0,0,8,8,7
bankingFinance,Renins,renins.com,20170105,google,cpc,Retargeting_partner_calc-mistake,Калькулятор КАСКО в Renins.com,tablet,1,1,0,5.0,0,0,0,1,1,1
bankingFinance,Renins,renins.com,20170105,google,cpc,Retargeting_partner_osago,Offroad 300x600.zip,desktop,1,5,0,68.0,0,0,0,0,1,1
bankingFinance,Renins,renins.com,20170105,google,cpc,Retargeting_partner_osago,Оформляйте ОСАГО на Renins.com,desktop,4,9,0,12.0,0,0,0,0,4,1
bankingFinance,Renins,renins.com,20170105,google,cpc,Retargeting_partner_pages,Еще не сделали расчет полиса?,mobile,1,1,0,0.0,0,0,0,1,1,0
bankingFinance,Renins,renins.com,20170105,google,cpc,Retargeting_partner_pages,Еще не сделали расчет полиса?,tablet,1,1,0,388.0,0,0,0,1,1,1
bankingFinance,Renins,renins.com,20170105,google,organic,(not set),(not set),desktop,528,3070,123,192913.0,4,98,8,0,170,159
bankingFinance,Renins,renins.com,20170105,google,organic,(not set),(not set),mobile,236,391,147,29244.0,2,0,0,13,13,11
bankingFinance,Renins,renins.com,20170105,google,organic,(not set),(not set),tablet,49,218,17,12319.0,2,4,0,2,13,11
bankingFinance,Renins,renins.com,20170105,howcarworks.ru,referral,(not set),(not set),desktop,70,697,3,44717.0,0,28,0,0,47,41
bankingFinance,Renins,renins.com,20170105,howcarworks.ru,referral,(not set),(not set),mobile,17,22,13,1026.0,0,0,0,0,0,0
bankingFinance,Renins,renins.com,20170105,howcarworks.ru,referral,(not set),(not set),tablet,3,8,0,435.0,0,0,0,0,2,1
bankingFinance,Renins,renins.com,20170105,i.maxthon.com,referral,(not set),(not set),desktop,1,11,0,373.0,0,0,0,0,0,0
bankingFinance,Renins,renins.com,20170105,indental.ru,referral,(not set),(not set),desktop,1,6,0,165.0,0,0,0,0,0,0
bankingFinance,Renins,renins.com,20170105,inguru.ru,referral,(not set),(not set),tablet,1,4,0,169.0,0,0,0,0,0,0
bankingFinance,Renins,renins.com,20170105,insur-info.ru,referral,(not set),(not set),desktop,1,1,1,0.0,0,0,0,0,0,0
bankingFinance,Renins,renins.com,20170105,isearch.searchcompletion.com,referral,(not set),(not set),desktop,4,4,0,0.0,0,0,0,0,0,0
bankingFinance,Renins,renins.com,20170105,krasnodar.insure-company.ru,referral,(not set),(not set),desktop,1,4,0,56.0,0,0,0,0,1,1
bankingFinance,Renins,renins.com,20170105,krasnodar.nashaspravka.ru,referral,(not set),(not set),desktop,1,11,0,509.0,0,1,0,0,1,1
bankingFinance,Renins,renins.com,20170105,link.2gis.ru,referral,(not set),(not set),desktop,3,34,0,1609.0,0,1,0,0,1,1
bankingFinance,Renins,renins.com,20170105,link.2gis.ru,referral,(not set),(not set),mobile,1,1,1,0.0,0,0,0,0,0,0
bankingFinance,Renins,renins.com,20170105,linkedin.com,referral,(not set),(not set),desktop,2,4,1,132.0,0,0,0,0,0,0
bankingFinance,Renins,renins.com,20170105,lubercy.insure-company.ru,referral,(not set),(not set),mobile,1,1,1,0.0,0,0,0,0,0,0
bankingFinance,Renins,renins.com,20170105,m.dellin.ru,referral,(not set),(not set),mobile,1,1,1,0.0,0,0,0,0,0,0
bankingFinance,Renins,renins.com,20170105,m.vk.com,referral,(not set),(not set),mobile,5,8,1,162.0,0,0,0,2,2,2
bankingFinance,Renins,renins.com,20170105,mail.rambler.ru,referral,(not set),(not set),desktop,6,16,0,1766.0,0,0,0,0,1,0
bankingFinance,Renins,renins.com,20170105,medusl.ru,referral,(not set),(not set),tablet,1,1,1,0.0,0,0,0,0,0,0
bankingFinance,Renins,renins.com,20170105,mikhailovka.spravker.ru,referral,(not set),(not set),tablet,1,6,0,419.0,0,0,0,0,0,0
bankingFinance,Renins,renins.com,20170105,noginsk.insure-company.ru,referral,(not set),(not set),tablet,1,3,0,24.0,0,0,0,0,0,0
bankingFinance,Renins,renins.com,20170105,omsk.damspravku.ru,referral,(not set),(not set),desktop,1,3,0,13.0,0,0,0,0,1,0
bankingFinance,Renins,renins.com,20170105,osagoonline.info,referral,(not set),(not set),desktop,209,1480,4,127154.0,0,46,0,0,108,88
bankingFinance,Renins,renins.com,20170105,osagoonline.info,referral,(not set),(not set),mobile,20,27,0,9382.0,0,0,0,20,20,19
bankingFinance,Renins,renins.com,20170105,osagoonline.info,referral,(not set),(not set),tablet,11,76,0,10543.0,0,4,0,6,11,10
bankingFinance,Renins,renins.com,20170105,outlook.live.com,referral,(not set),(not set),desktop,1,16,0,5242.0,0,0,0,0,1,1
bankingFinance,Renins,renins.com,20170105,petergid.ru,referral,(not set),(not set),desktop,1,7,0,179.0,0,0,0,0,1,1
bankingFinance,Renins,renins.com,20170105,polisnn.ru,referral,(not set),(not set),desktop,1,7,0,658.0,0,1,0,0,1,1
bankingFinance,Renins,renins.com,20170105,prav-net.ru,referral,(not set),(not set),desktop,34,200,2,10837.0,0,6,0,0,30,28
bankingFinance,Renins,renins.com,20170105,prav-net.ru,referral,(not set),(not set),mobile,6,11,0,1356.0,0,0,0,6,6,6
bankingFinance,Renins,renins.com,20170105,prav-net.ru,referral,(not set),(not set),tablet,4,9,0,1338.0,0,0,0,3,4,3
bankingFinance,Renins,renins.com,20170105,proins.ru,referral,(not set),(not set),desktop,7,61,0,4753.0,0,4,0,0,6,4
bankingFinance,Renins,renins.com,20170105,promokodus.com,referral,(not set),(not set),desktop,4,28,1,1119.0,0,0,0,0,1,0
bankingFinance,Renins,renins.com,20170105,rambler,organic,(not set),(not set),desktop,2,10,0,119.0,0,1,0,0,2,2
bankingFinance,Renins,renins.com,20170105,ren-intranet01,referral,(not set),(not set),desktop,19,74,7,2907.0,1,0,0,0,6,8
bankingFinance,Renins,renins.com,20170105,renins.link.sendsay.ru,referral,(not set),(not set),desktop,5,11,1,270.0,0,0,0,0,0,0
bankingFinance,Renins,renins.com,20170105,renins.link.sendsay.ru,referral,(not set),(not set),mobile,5,5,5,0.0,0,0,0,0,0,0
bankingFinance,Renins,renins.com,20170105,renlife.com,referral,(not set),(not set),desktop,1,1,1,0.0,0,0,0,0,0,0
bankingFinance,Renins,renins.com,20170105,renlife.com,referral,(not set),(not set),mobile,1,7,0,1517.0,0,0,0,0,0,0
bankingFinance,Renins,renins.com,20170105,rostov-nd.insgid.ru,referral,(not set),(not set),desktop,6,10,0,92.0,0,0,0,0,2,0
bankingFinance,Renins,renins.com,20170105,ru.search.yahoo.com,referral,(not set),(not set),desktop,7,38,1,1728.0,0,1,0,0,1,1
bankingFinance,Renins,renins.com,20170105,ru.wikipedia.org,referral,(not set),(not set),desktop,2,3,1,15.0,0,0,0,0,0,0
bankingFinance,Renins,renins.com,20170105,rubrikator.org,referral,(not set),(not set),desktop,2,2,2,0.0,0,0,0,0,0,0
bankingFinance,Renins,renins.com,20170105,sankt-peterburg.bizly.ru,referral,(not set),(not set),desktop,1,12,0,107.0,0,0,0,0,0,0
bankingFinance,Renins,renins.com,20170105,saransk.nashaspravka.ru,referral,(not set),(not set),desktop,1,9,0,205.0,0,1,0,0,1,1
bankingFinance,Renins,renins.com,20170105,saratov.narule.ru,referral,(not set),(not set),desktop,2,8,0,37.0,0,0,0,0,2,2
bankingFinance,Renins,renins.com,20170105,saratov.nashaspravka.ru,referral,(not set),(not set),desktop,2,61,0,8609.0,0,1,0,0,2,2
bankingFinance,Renins,renins.com,20170105,sberbank.ru,referral,(not set),(not set),desktop,1,20,0,1093.0,0,0,0,0,0,0
bankingFinance,Renins,renins.com,20170105,spb.insure-company.ru,referral,(not set),(not set),mobile,1,1,1,0.0,0,0,0,0,0,0
bankingFinance,Renins,renins.com,20170105,spb.spravkus.com,referral,(not set),(not set),desktop,1,12,0,585.0,0,0,0,0,0,0
bankingFinance,Renins,renins.com,20170105,spr.ru,referral,(not set),(not set),desktop,1,6,0,21.0,0,0,0,0,0,0
bankingFinance,Renins,renins.com,20170105,spravkaforme.ru,referral,(not set),(not set),desktop,1,1,1,0.0,0,0,0,0,0,0
bankingFinance,Renins,renins.com,20170105,sravni.ru,cpm,Kasko__mskspbekb,NYPKasko,desktop,2,5,0,10.0,0,0,0,0,2,1
bankingFinance,Renins,renins.com,20170105,sravni.ru,referral,(not set),(not set),desktop,10,54,0,4336.0,0,4,0,0,2,2
bankingFinance,Renins,renins.com,20170105,sravni.ru,referral,(not set),(not set),tablet,1,5,0,82.0,0,0,0,0,0,0
bankingFinance,Renins,renins.com,20170105,start.siviewer.com,referral,(not set),(not set),desktop,1,4,0,16.0,0,0,0,0,1,1
bankingFinance,Renins,renins.com,20170105,vk.com,referral,(not set),(not set),desktop,31,180,0,24728.0,0,5,0,0,10,5
bankingFinance,Renins,renins.com,20170105,vk.com,referral,(not set),(not set),mobile,2,3,1,152.0,0,0,0,0,0,0
bankingFinance,Renins,renins.com,20170105,y_direct,cpc,Brand_search,text_general|desktop,desktop,196,1243,22,73791.0,9,26,7,0,62,58
bankingFinance,Renins,renins.com,20170105,y_direct,cpc,Brand_search,text_general|desktop,mobile,2,13,1,632.0,0,1,0,0,1,1
bankingFinance,Renins,renins.com,20170105,y_direct,cpc,Brand_search,text_general|mobile,mobile,98,170,63,12920.0,0,0,0,1,1,1
bankingFinance,Renins,renins.com,20170105,y_direct,cpc,Brand_search,text_general|tablet,mobile,1,1,1,0.0,0,0,0,0,0,0
bankingFinance,Renins,renins.com,20170105,y_direct,cpc,Brand_search,text_general|tablet,tablet,21,101,7,6924.0,1,1,2,0,6,4
bankingFinance,Renins,renins.com,20170105,y_direct,cpc,Brand_search,text|desktop,desktop,10,72,2,8432.0,1,0,1,0,3,3
bankingFinance,Renins,renins.com,20170105,y_direct,cpc,Brand_search,text|mobile,mobile,8,21,0,5539.0,1,0,0,1,1,0
bankingFinance,Renins,renins.com,20170105,y_direct,cpc,Brand_search,text|tablet,tablet,1,5,0,109.0,0,0,0,0,0,0
bankingFinance,Renins,renins.com,20170105,y_direct,cpc,Competitors_search_MSK,text_oct|desktop,desktop,1,1,1,0.0,0,0,0,0,0,0
bankingFinance,Renins,renins.com,20170105,y_direct,cpc,Competitors_search_ekb,text_oct|desktop,desktop,83,526,6,38183.0,0,31,0,0,63,55
bankingFinance,Renins,renins.com,20170105,y_direct,cpc,Competitors_search_ekb,text_oct|mobile,mobile,13,21,0,3592.0,0,0,0,12,12,12
bankingFinance,Renins,renins.com,20170105,y_direct,cpc,Competitors_search_msk,text_oct|desktop,desktop,72,339,10,22985.0,0,11,1,0,50,40
bankingFinance,Renins,renins.com,20170105,y_direct,cpc,Competitors_search_msk,text_oct|mobile,mobile,24,28,0,944.0,0,0,0,24,24,16
bankingFinance,Renins,renins.com,20170105,y_direct,cpc,Competitors_search_msk,text_oct|tablet,tablet,1,6,0,238.0,1,0,0,0,1,1
bankingFinance,Renins,renins.com,20170105,y_direct,cpc,Competitors_search_spb,text_oct|desktop,desktop,27,132,2,6420.0,0,10,0,0,19,14
bankingFinance,Renins,renins.com,20170105,y_direct,cpc,Competitors_search_spb,text_oct|mobile,mobile,10,11,1,340.0,0,0,0,10,9,5
bankingFinance,Renins,renins.com,20170105,y_direct,cpc,Competitors_search_spb,text_oct|tablet,tablet,4,4,0,261.0,0,0,0,4,4,3
bankingFinance,Renins,renins.com,20170105,y_direct,cpc,Ext.Inquiries_search,text_general|desktop,desktop,33,92,4,1417.0,1,1,0,0,22,19
bankingFinance,Renins,renins.com,20170105,y_direct,cpc,Ext.Inquiries_search,text_general|mobile,mobile,4,6,0,596.0,0,0,0,4,4,4
bankingFinance,Renins,renins.com,20170105,y_direct,cpc,Ext.Inquiries_search,text_general|tablet,tablet,3,9,0,742.0,0,0,0,2,3,3
bankingFinance,Renins,renins.com,20170105,y_direct,cpc,Kasko_partner_SPB_new,text_oct|mobile,mobile,2,11,0,514.0,0,0,0,1,1,1
bankingFinance,Renins,renins.com,20170105,y_direct,cpc,Kasko_search_EKB,text_oct|desktop,desktop,5,30,1,752.0,1,1,1,0,4,4
bankingFinance,Renins,renins.com,20170105,y_direct,cpc,Kasko_search_EKB,text_oct|mobile,mobile,1,1,0,126.0,1,0,0,1,1,1
bankingFinance,Renins,renins.com,20170105,y_direct,cpc,Kasko_search_EKB,text_oct|tablet,tablet,1,1,0,7.0,0,0,0,1,1,1
bankingFinance,Renins,renins.com,20170105,y_direct,cpc,Kasko_search_EKB_test18,text_economatica|desktop,desktop,1,3,0,10.0,0,0,0,0,1,1
bankingFinance,Renins,renins.com,20170105,y_direct,cpc,Kasko_search_MSK_new_oct,text_oct|desktop,desktop,55,299,4,12165.0,19,0,8,0,43,48
bankingFinance,Renins,renins.com,20170105,y_direct,cpc,Kasko_search_MSK_new_oct,text_oct|mobile,mobile,18,25,0,2272.0,8,0,0,18,18,14
bankingFinance,Renins,renins.com,20170105,y_direct,cpc,Kasko_search_MSK_new_oct,text_oct|tablet,tablet,7,14,2,1049.0,2,0,1,3,5,5
bankingFinance,Renins,renins.com,20170105,y_direct,cpc,Kasko_search_MSK_test18,text_economatica|desktop,desktop,3,11,1,121.0,0,0,1,0,2,2
bankingFinance,Renins,renins.com,20170105,y_direct,cpc,Kasko_search_MSK_test18,text_economatica|mobile,mobile,2,4,0,29.0,0,0,0,2,2,0
bankingFinance,Renins,renins.com,20170105,y_direct,cpc,Kasko_search_MSK_test18,text_economatica|tablet,tablet,1,2,0,225.0,1,0,0,1,1,1
bankingFinance,Renins,renins.com,20170105,y_direct,cpc,Kasko_search_mobile_MSK,text,mobile,1,1,0,152.0,1,0,0,1,1,1
bankingFinance,Renins,renins.com,20170105,y_direct,cpc,Kasko_search_spb_new_oct,text_oct|desktop,desktop,66,405,5,14728.0,20,0,8,0,44,45
bankingFinance,Renins,renins.com,20170105,y_direct,cpc,Kasko_search_spb_new_oct,text_oct|mobile,mobile,13,20,0,3229.0,8,0,0,13,13,10
bankingFinance,Renins,renins.com,20170105,y_direct,cpc,Kasko_search_spb_new_oct,text_oct|tablet,tablet,5,21,0,1334.0,1,0,2,2,5,5
bankingFinance,Renins,renins.com,20170105,y_direct,cpc,Kasko_search_spb_test18,text_economatica|desktop,desktop,4,13,0,95.0,0,0,0,0,4,4
bankingFinance,Renins,renins.com,20170105,y_direct,cpc,Kasko_search_spb_test18,text_economatica|mobile,mobile,1,1,0,10.0,1,0,0,1,1,0
bankingFinance,Renins,renins.com,20170105,y_direct,cpc,Motor.Insuranse_partner_MSKSPBEKB,text_general|vk.com|desktop,desktop,5,6,4,619.0,0,0,0,0,0,0
bankingFinance,Renins,renins.com,20170105,y_direct,cpc,Motor.Insuranse_search_EKB,text_general|desktop,desktop,12,55,0,3603.0,0,2,0,0,12,11
bankingFinance,Renins,renins.com,20170105,y_direct,cpc,Motor.Insuranse_search_EKB,text_general|mobile,mobile,6,16,0,807.0,0,0,0,4,6,4
bankingFinance,Renins,renins.com,20170105,y_direct,cpc,Motor.Insuranse_search_EKB,text_general|tablet,mobile,3,4,0,1315.0,0,0,0,2,2,2
bankingFinance,Renins,renins.com,20170105,y_direct,cpc,Motor.Insuranse_search_MSK,text_general|desktop,desktop,21,79,3,1809.0,0,1,0,0,16,18
bankingFinance,Renins,renins.com,20170105,y_direct,cpc,Motor.Insuranse_search_MSK,text_general|mobile,mobile,5,5,0,444.0,0,0,0,5,5,4
bankingFinance,Renins,renins.com,20170105,y_direct,cpc,Motor.Insuranse_search_SPB,text_general|desktop,desktop,11,69,1,3587.0,0,4,0,0,10,10
bankingFinance,Renins,renins.com,20170105,y_direct,cpc,Motor.Insuranse_search_SPB,text_general|mobile,mobile,2,3,0,19.0,0,0,0,2,2,1
bankingFinance,Renins,renins.com,20170105,y_direct,cpc,OSAGO_search_MSKSPB,text_general|desktop,desktop,1,10,0,195.0,0,1,0,0,1,1
bankingFinance,Renins,renins.com,20170105,y_direct,cpc,OSAGO_search_MSKSPBEKB,text_general|desktop,desktop,6,17,1,944.0,0,1,0,0,2,1
bankingFinance,Renins,renins.com,20170105,y_direct,cpc,OSAGO_search_MSKSPBEKB_1st,text_general|desktop,desktop,264,1478,14,61107.0,0,87,5,0,227,210
bankingFinance,Renins,renins.com,20170105,y_direct,cpc,OSAGO_search_MSKSPBEKB_1st,text_general|mobile,mobile,99,143,0,22171.0,1,0,0,90,94,76
bankingFinance,Renins,renins.com,20170105,y_direct,cpc,OSAGO_search_MSKSPBEKB_1st,text_general|tablet,tablet,41,180,0,12522.0,0,9,1,17,40,32
bankingFinance,Renins,renins.com,20170105,y_direct,cpc,OSAGO_search_MSKSPBEKB_2nd,text_general|desktop,desktop,172,820,7,44229.0,1,41,2,0,111,96
bankingFinance,Renins,renins.com,20170105,y_direct,cpc,OSAGO_search_MSKSPBEKB_2nd,text_general|mobile,mobile,29,37,0,5659.0,0,0,0,28,28,25
bankingFinance,Renins,renins.com,20170105,y_direct,cpc,OSAGO_search_MSKSPBEKB_2nd,text_general|tablet,mobile,3,4,0,814.0,0,0,0,3,3,3
bankingFinance,Renins,renins.com,20170105,y_direct,cpc,OSAGO_search_MSKSPBEKB_2nd,text_general|tablet,tablet,18,58,0,1811.0,0,3,0,6,15,12
bankingFinance,Renins,renins.com,20170105,y_direct,cpc,OSAGO_search_MSKSPBEKB_3rd,text_general|desktop,desktop,8,94,0,6184.0,0,6,0,0,8,7
bankingFinance,Renins,renins.com,20170105,y_direct,cpc,OSAGO_search_MSKSPBEKB_3rd,text_general|mobile,mobile,4,4,0,21.0,0,0,0,4,4,3
bankingFinance,Renins,renins.com,20170105,y_direct,cpc,OSAGO_search_MSKSPBEKB_3rd,text_general|tablet,tablet,2,9,0,343.0,0,0,0,0,2,1
bankingFinance,Renins,renins.com,20170105,y_direct,cpc,Remarketing-calc_MSKSPBEKB,TGD|desktop,desktop,4,5,3,65.0,0,0,0,0,0,0
bankingFinance,Renins,renins.com,20170105,y_direct,cpc,Remarketing-calc_MSKSPBEKB,TGD|tablet,mobile,1,1,1,0.0,0,0,0,0,0,0
bankingFinance,Renins,renins.com,20170105,y_direct,cpc,Remarketing-calc_MSKSPBEKB,TGD|tablet,tablet,1,1,1,0.0,0,0,0,0,0,0
bankingFinance,Renins,renins.com,20170105,y_direct,cpc,Remarketing_calc_MSKSPBEKB,text_general|afisha.yandex.ru|desktop,desktop,1,3,0,7.0,0,0,0,0,1,1
bankingFinance,Renins,renins.com,20170105,y_direct,cpc,Remarketing_calc_MSKSPBEKB,text_general|calcsoft.ru|tablet,tablet,1,6,0,51.0,0,0,0,0,1,1
bankingFinance,Renins,renins.com,20170105,y_direct,cpc,Remarketing_calc_MSKSPBEKB,text_general|com.yandex.browser|mobile,mobile,2,4,0,489.0,0,0,0,2,2,2
bankingFinance,Renins,renins.com,20170105,y_direct,cpc,Remarketing_calc_MSKSPBEKB,text_general|e.mail.ru|desktop,desktop,1,3,0,10.0,0,0,0,0,1,1
bankingFinance,Renins,renins.com,20170105,y_direct,cpc,Remarketing_calc_MSKSPBEKB,text_general|earth-chronicles.ru|desktop,desktop,1,6,0,180.0,0,0,0,0,1,1
bankingFinance,Renins,renins.com,20170105,y_direct,cpc,Remarketing_calc_MSKSPBEKB,text_general|ficbook.net|mobile,mobile,1,1,0,6.0,0,0,0,1,1,1
bankingFinance,Renins,renins.com,20170105,y_direct,cpc,Remarketing_calc_MSKSPBEKB,text_general|m.apoi.ru|mobile,mobile,1,1,0,4.0,0,0,0,1,1,1
bankingFinance,Renins,renins.com,20170105,y_direct,cpc,Remarketing_calc_MSKSPBEKB,text_general|m.championat.com|mobile,mobile,1,1,0,7.0,0,0,0,1,1,1
bankingFinance,Renins,renins.com,20170105,y_direct,cpc,Remarketing_calc_MSKSPBEKB,text_general|m.krasnoe-selo.rabotavgorode.ru|mobile,mobile,1,1,0,0.0,0,0,0,1,1,0
bankingFinance,Renins,renins.com,20170105,y_direct,cpc,Remarketing_calc_MSKSPBEKB,text_general|mail.ru|mobile,mobile,2,2,0,131.0,0,0,0,2,2,2
bankingFinance,Renins,renins.com,20170105,y_direct,cpc,Remarketing_calc_MSKSPBEKB,text_general|mail.yandex.ru|desktop,desktop,2,6,0,17.0,0,0,0,0,2,2
bankingFinance,Renins,renins.com,20170105,y_direct,cpc,Remarketing_calc_MSKSPBEKB,text_general|medside.ru|mobile,mobile,2,2,0,9.0,0,0,0,2,2,1
bankingFinance,Renins,renins.com,20170105,y_direct,cpc,Remarketing_calc_MSKSPBEKB,text_general|music.yandex.ru|desktop,desktop,2,9,0,1251.0,0,0,0,0,2,2
bankingFinance,Renins,renins.com,20170105,y_direct,cpc,Remarketing_calc_MSKSPBEKB,text_general|my.auto.ru|desktop,desktop,1,18,0,1208.0,0,1,1,0,1,1
bankingFinance,Renins,renins.com,20170105,y_direct,cpc,Remarketing_calc_MSKSPBEKB,text_general|news-clck.yandex.ru|desktop,desktop,1,6,0,199.0,0,1,0,0,1,1
bankingFinance,Renins,renins.com,20170105,y_direct,cpc,Remarketing_calc_MSKSPBEKB,text_general|news.mail.ru|desktop,desktop,1,3,0,5.0,0,0,0,0,1,1
bankingFinance,Renins,renins.com,20170105,y_direct,cpc,Remarketing_calc_MSKSPBEKB,text_general|news.yandex.ru|desktop,desktop,6,22,1,227.0,0,1,0,0,5,4
bankingFinance,Renins,renins.com,20170105,y_direct,cpc,Remarketing_calc_MSKSPBEKB,text_general|ok.ru|desktop,desktop,6,15,1,236.0,0,1,0,0,3,3
bankingFinance,Renins,renins.com,20170105,y_direct,cpc,Remarketing_calc_MSKSPBEKB,text_general|old.fishki.net|desktop,desktop,1,3,0,5.0,0,0,0,0,1,1
bankingFinance,Renins,renins.com,20170105,y_direct,cpc,Remarketing_calc_MSKSPBEKB,text_general|pda.tv.yandex.ru|mobile,mobile,1,1,0,116.0,1,0,0,1,1,1
bankingFinance,Renins,renins.com,20170105,y_direct,cpc,Remarketing_calc_MSKSPBEKB,text_general|pogoda.mail.ru|desktop,desktop,2,8,0,156.0,0,1,0,0,2,1
bankingFinance,Renins,renins.com,20170105,y_direct,cpc,Remarketing_calc_MSKSPBEKB,text_general|rbc.ru|mobile,mobile,1,1,0,6.0,0,0,0,1,1,1
bankingFinance,Renins,renins.com,20170105,y_direct,cpc,Remarketing_calc_MSKSPBEKB,text_general|reklama.e1.ru|desktop,desktop,1,1,1,0.0,0,0,0,0,0,0
bankingFinance,Renins,renins.com,20170105,y_direct,cpc,Remarketing_calc_MSKSPBEKB,text_general|rsute.ru|tablet,tablet,1,1,0,11.0,0,0,0,1,1,1
bankingFinance,Renins,renins.com,20170105,y_direct,cpc,Remarketing_calc_MSKSPBEKB,text_general|ruz3.eljur.ru|desktop,desktop,1,3,0,7.0,0,0,0,0,1,1
bankingFinance,Renins,renins.com,20170105,y_direct,cpc,Remarketing_calc_MSKSPBEKB,text_general|soccer365.ru|desktop,desktop,1,1,1,0.0,0,0,0,0,0,0
bankingFinance,Renins,renins.com,20170105,y_direct,cpc,Remarketing_calc_MSKSPBEKB,text_general|t.rasp.yandex.ru|mobile,mobile,1,1,0,5.0,0,0,0,1,1,1
bankingFinance,Renins,renins.com,20170105,y_direct,cpc,Remarketing_calc_MSKSPBEKB,text_general|tv.yandex.ru|desktop,desktop,2,6,0,12.0,0,0,0,0,2,2
bankingFinance,Renins,renins.com,20170105,y_direct,cpc,Remarketing_calc_MSKSPBEKB,text_general|vk.com|desktop,desktop,5,19,0,521.0,0,0,0,0,4,4
bankingFinance,Renins,renins.com,20170105,y_direct,cpc,Remarketing_calc_MSKSPBEKB,text_general|www.fontanka.ru|mobile,mobile,2,2,0,236.0,0,0,0,2,2,2
bankingFinance,Renins,renins.com,20170105,y_direct,cpc,Remarketing_calc_MSKSPBEKB,text_general|www.forexpf.ru|mobile,mobile,2,2,0,430.0,1,0,0,1,2,1
bankingFinance,Renins,renins.com,20170105,y_direct,cpc,Remarketing_calc_MSKSPBEKB,text_general|www.gismeteo.ru|mobile,mobile,1,5,0,1748.0,0,0,0,1,1,1
bankingFinance,Renins,renins.com,20170105,y_direct,cpc,Remarketing_calc_MSKSPBEKB,text_general|www.kp.ru|desktop,desktop,1,6,0,397.0,0,0,1,0,1,1
bankingFinance,Renins,renins.com,20170105,y_direct,cpc,Remarketing_calc_MSKSPBEKB,text_general|www.msn.com|desktop,desktop,1,3,0,11.0,0,0,0,0,1,1
bankingFinance,Renins,renins.com,20170105,y_direct,cpc,Remarketing_calc_MSKSPBEKB,text_general|www.rambler.ru|desktop,desktop,2,7,0,53.0,0,0,0,0,2,2
bankingFinance,Renins,renins.com,20170105,y_direct,cpc,Remarketing_calc_MSKSPBEKB,text_general|www.rambler.ru|tablet,tablet,1,8,0,224.0,0,1,0,0,1,1
bankingFinance,Renins,renins.com,20170105,y_direct,cpc,Remarketing_calc_MSKSPBEKB,text_general|www.rbc.ru|desktop,desktop,1,7,0,614.0,0,1,0,0,1,1
bankingFinance,Renins,renins.com,20170105,y_direct,cpc,Remarketing_calc_MSKSPBEKB,text_general|www.sravni.ru|mobile,mobile,1,1,0,361.0,0,0,0,1,1,1
bankingFinance,Renins,renins.com,20170105,y_direct,cpc,Remarketing_calc_MSKSPBEKB,text_general|www.vesti.ru|desktop,desktop,1,3,0,6.0,0,0,0,0,1,1
bankingFinance,Renins,renins.com,20170105,y_direct,cpc,Remarketing_calc_MSKSPBEKB,text_general|www.zoopicture.ru|desktop,desktop,1,10,0,75.0,0,0,0,0,1,1
bankingFinance,Renins,renins.com,20170105,y_direct,cpc,Remarketing_calc_MSKSPBEKB,text_general|yandex.ru|desktop,desktop,7,19,1,195.0,1,0,0,0,5,5
bankingFinance,Renins,renins.com,20170105,y_direct,cpc,Remarketing_calc_MSKSPBEKB,text_general|yandex.ru|mobile,mobile,5,6,0,320.0,0,0,0,5,5,5
bankingFinance,Renins,renins.com,20170105,y_direct,cpc,Remarketing_calc_MSKSPBEKB,text_general|yandex.ru|tablet,tablet,1,3,0,8.0,0,0,0,0,1,1
bankingFinance,Renins,renins.com,20170105,y_direct,cpc,Remarketing_calc_MSKSPBEKB,text_general|zen.yandex.ru|desktop,desktop,1,3,0,6.0,0,0,0,0,1,1
bankingFinance,Renins,renins.com,20170105,y_direct,cpc,Remarketing_osago_MSKSPBEKB,text_general|com.avito.android|mobile,mobile,1,1,0,38.0,0,0,0,1,1,1
bankingFinance,Renins,renins.com,20170105,y_direct,cpc,Remarketing_osago_MSKSPBEKB,text_general|mail.ru|mobile,mobile,1,1,0,7.0,0,0,0,1,1,1
bankingFinance,Renins,renins.com,20170105,y_direct,cpc,Remarketing_osago_MSKSPBEKB,text_general|news.mail.ru|desktop,desktop,1,1,1,0.0,0,0,0,0,0,0
bankingFinance,Renins,renins.com,20170105,y_direct,cpc,Remarketing_osago_MSKSPBEKB,text_general|news.yandex.ru|desktop,desktop,2,4,0,49.0,0,0,0,0,0,0
bankingFinance,Renins,renins.com,20170105,y_direct,cpc,Remarketing_osago_MSKSPBEKB,text_general|otzovik.com|tablet,tablet,1,1,0,5.0,0,0,0,1,1,0
bankingFinance,Renins,renins.com,20170105,y_direct,cpc,Remarketing_osago_MSKSPBEKB,text_general|strport.ru|mobile,tablet,1,1,0,5.0,0,0,0,1,1,1
bankingFinance,Renins,renins.com,20170105,y_direct,cpc,Remarketing_osago_MSKSPBEKB,text_general|www.e1.ru|tablet,tablet,1,1,0,6.0,0,0,0,1,1,1
bankingFinance,Renins,renins.com,20170105,y_direct,cpc,Remarketing_pages_MSKSPBEKB,text_general|fotostrana.ru|desktop,desktop,1,2,0,2.0,0,0,0,0,1,0
bankingFinance,Renins,renins.com,20170105,y_direct,cpc,Remarketing_quote_MSKSPBEKB,text_general|auto.ru|desktop,desktop,24,75,0,3720.0,0,0,0,0,0,24
bankingFinance,Renins,renins.com,20170105,y_direct,cpc,Remarketing_quote_MSKSPBEKB,text_general|news.yandex.ru|desktop,desktop,5,19,0,3408.0,1,0,0,0,2,1
bankingFinance,Renins,renins.com,20170105,y_direct,cpc,Remarketing_quote_MSKSPBEKB,text_general|yandex.ru|desktop,desktop,1,3,0,41.0,0,0,0,0,1,1
bankingFinance,Renins,renins.com,20170105,yahoo,organic,(not set),(not set),desktop,1,3,0,104.0,0,0,0,0,0,0
bankingFinance,Renins,renins.com,20170105,yahoo,organic,(not set),(not set),mobile,8,13,4,164.0,0,0,0,1,1,1
bankingFinance,Renins,renins.com,20170105,yahoo,organic,(not set),(not set),tablet,1,8,0,204.0,1,0,0,0,1,1
bankingFinance,Renins,renins.com,20170105,yandex,cpc,VZR.Brand.Search,NewYear,desktop,2,6,0,32.0,0,0,0,0,0,0
bankingFinance,Renins,renins.com,20170105,yandex,cpc,VZR.Brand.Search,NewYear,mobile,9,54,0,2455.0,0,0,0,0,0,0
bankingFinance,Renins,renins.com,20170105,yandex,cpc,VZR.Brand.Search,NewYear,tablet,1,2,0,6.0,0,0,0,0,0,0
bankingFinance,Renins,renins.com,20170105,yandex,cpc,VZR.BrandHF-1.Search,NewYear,desktop,2,5,0,123.0,0,0,0,0,1,1
bankingFinance,Renins,renins.com,20170105,yandex,cpc,VZR.BrandHF-1.Search,NewYear,mobile,2,3,0,119.0,0,0,0,0,0,0
bankingFinance,Renins,renins.com,20170105,yandex,cpc,VZR.BrandHF-2.Search,Buy,desktop,1,7,0,134.0,0,0,0,0,1,1
bankingFinance,Renins,renins.com,20170105,yandex,cpc,VZR.BrandHF-2.Search,NewYear,desktop,37,264,0,14941.0,0,11,0,0,13,12
bankingFinance,Renins,renins.com,20170105,yandex,cpc,VZR.BrandHF-2.Search,NewYear,mobile,5,11,0,330.0,0,0,0,1,1,1
bankingFinance,Renins,renins.com,20170105,yandex,cpc,VZR.City.Search,NewYear,desktop,1,7,0,334.0,0,0,0,0,0,0
bankingFinance,Renins,renins.com,20170105,yandex,cpc,VZR.City.Search,NewYear,mobile,2,6,0,123.0,0,0,0,0,0,0
bankingFinance,Renins,renins.com,20170105,yandex,cpc,VZR.Competitors.Search,NewYear,desktop,11,29,0,2274.0,0,0,0,0,0,0
bankingFinance,Renins,renins.com,20170105,yandex,cpc,VZR.Country.Search.MSK,NewYear,desktop,4,9,0,180.0,0,0,0,0,0,0
bankingFinance,Renins,renins.com,20170105,yandex,cpc,VZR.Country.Search.MSK,NewYear,mobile,2,4,0,88.0,0,0,0,0,0,0
bankingFinance,Renins,renins.com,20170105,yandex,cpc,VZR.Country.Search.Reg,Promo,desktop,11,35,0,6925.0,0,0,0,0,0,0
bankingFinance,Renins,renins.com,20170105,yandex,cpc,VZR.General.Net,240x400,desktop,6,13,1,4357.0,0,0,0,0,0,0
bankingFinance,Renins,renins.com,20170105,yandex,cpc,VZR.General.Net,240x400,tablet,14,31,2,404.0,0,0,0,0,2,1
bankingFinance,Renins,renins.com,20170105,yandex,cpc,VZR.General.Net,300x250,desktop,1,4,0,245.0,0,0,0,0,0,0
bankingFinance,Renins,renins.com,20170105,yandex,cpc,VZR.General.Net,300x250,mobile,2,4,0,211.0,0,0,0,0,0,0
bankingFinance,Renins,renins.com,20170105,yandex,cpc,VZR.General.Net,300x250,tablet,3,6,0,11.0,0,0,0,0,0,0
bankingFinance,Renins,renins.com,20170105,yandex,cpc,VZR.General.Net,728x90,desktop,1,3,0,43.0,0,0,0,0,0,0
bankingFinance,Renins,renins.com,20170105,yandex,cpc,VZR.General.Net,728x90,tablet,1,5,0,60.0,0,0,0,0,0,0
bankingFinance,Renins,renins.com,20170105,yandex,cpc,VZR.General.Search.MSK,Buy,tablet,1,2,0,30.0,0,0,0,0,0,0
bankingFinance,Renins,renins.com,20170105,yandex,cpc,VZR.General.Search.MSK,Calculate,desktop,1,3,0,119.0,0,0,0,0,0,0
bankingFinance,Renins,renins.com,20170105,yandex,cpc,VZR.General.Search.MSK,NewYear,desktop,51,161,1,48161.0,0,0,0,0,0,0
bankingFinance,Renins,renins.com,20170105,yandex,cpc,VZR.General.Search.MSK,NewYear,mobile,10,37,0,5867.0,0,0,0,0,0,0
bankingFinance,Renins,renins.com,20170105,yandex,cpc,VZR.General.Search.MSK,NewYear,tablet,3,6,0,209.0,0,0,0,0,0,0
bankingFinance,Renins,renins.com,20170105,yandex,cpc,VZR.General.Search.MSK,Options,desktop,1,1,1,0.0,0,0,0,0,0,0
bankingFinance,Renins,renins.com,20170105,yandex,cpc,VZR.General.Search.MSK,ad3,desktop,1,2,0,1.0,0,0,0,0,0,0
bankingFinance,Renins,renins.com,20170105,yandex,cpc,VZR.General.Search.Reg,Buy,mobile,1,4,0,151.0,0,0,0,0,0,0
bankingFinance,Renins,renins.com,20170105,yandex,cpc,VZR.General.Search.Reg,Calculate,mobile,2,9,0,2880.0,0,0,0,0,0,0
bankingFinance,Renins,renins.com,20170105,yandex,cpc,VZR.General.Search.Reg,Promo,desktop,34,86,0,28587.0,0,0,0,0,0,0
bankingFinance,Renins,renins.com,20170105,yandex,cpc,VZR.General.Search.Reg,Promo,mobile,5,19,0,4722.0,0,0,0,0,0,0
bankingFinance,Renins,renins.com,20170105,yandex,cpc,VZR.General.Search.Reg,Promo,tablet,2,5,0,408.0,0,0,0,0,0,0
bankingFinance,Renins,renins.com,20170105,yandex,cpc,VZR.HighFreq.Search,NewYear,desktop,17,79,1,8116.0,0,0,0,0,2,1
bankingFinance,Renins,renins.com,20170105,yandex,cpc,VZR.HighFreq.Search,NewYear,mobile,2,4,0,157.0,0,0,0,0,0,0
bankingFinance,Renins,renins.com,20170105,yandex,cpc,VZR.HighFreq.Search,NewYear,tablet,1,10,0,1097.0,0,0,0,0,0,0
bankingFinance,Renins,renins.com,20170105,yandex,cpc,VZR.MKB,(not set),desktop,9,50,0,12366.0,0,1,0,0,1,1
bankingFinance,Renins,renins.com,20170105,yandex,cpc,VZR.NewAdded.Search,NewYear,desktop,3,14,0,858.0,0,0,0,0,0,0
bankingFinance,Renins,renins.com,20170105,yandex,cpc,VZR.NewAdded.Search,NewYear,tablet,1,3,0,1093.0,0,0,0,0,0,0
bankingFinance,Renins,renins.com,20170105,yandex,cpc,VZR.NewAdded.Search,Options,tablet,1,1,1,0.0,0,0,0,0,0,0
bankingFinance,Renins,renins.com,20170105,yandex,organic,(not set),(not set),desktop,698,5365,75,344162.0,15,131,22,0,296,272
bankingFinance,Renins,renins.com,20170105,yandex,organic,(not set),(not set),mobile,138,264,78,18286.0,1,0,0,8,9,7
bankingFinance,Renins,renins.com,20170105,yandex,organic,(not set),(not set),tablet,40,169,12,10516.0,0,4,0,1,10,9
bankingFinance,Renins,renins.com,20170105,yandex.ru,referral,(not set),(not set),desktop,32,134,5,7332.0,1,1,0,0,8,7
bankingFinance,Renins,renins.com,20170105,yandex.ru,referral,(not set),(not set),mobile,1,1,1,0.0,0,0,0,0,0,0
bankingFinance,Renins,renins.com,20170105,yp.ru,referral,(not set),(not set),mobile,1,5,0,817.0,0,0,0,0,0,0
bankingFinance,Renins,renins.com,20170105,м-каталог.рф,referral,(not set),(not set),mobile,1,1,1,0.0,0,0,0,0,0,0
